"Honduras","2000399691","DIAPA - CACM","1000013906","Beauty Care","Bonificaciones PCC y APDOS WHS-detalle Jul13","01-JUL-13","30-SEP-13","","DIAPA BEAUTYCARE JAS13 (3)","Confirmed","1600.000007","1600.000007","758.0000017","30755017","FY 01-JUL-13-30-JUN-14","30-NOV-13","06338"," ","1-9NL6PH","1-9NL6PL","1600","Estimated Variable Cost",
"Honduras","2000399690","CODIS/SURTIDORA - CACM","1000019511","Female Hair Care","Concurso de venta WHS/HFS Haircare JAS13","01-JUL-13","30-SEP-13","","CODIS/SISA HAIRCARE JAS13 (1)","Confirmed","2448.000009","2399.9999842","2448.000009","30755017","FY 01-JUL-13-30-JUN-14","30-NOV-13","06338"," ","1-9NL0LB","1-9NL0VG","2400","Estimated Variable Cost",
"Honduras","2000399690","CODIS/SURTIDORA - CACM","1000019511","Female Hair Care","Visibilidad WHS/HFS Haircare OND13","01-OCT-13","31-DEC-13","","CODIS/SISA HAIRCARE OND13","Confirmed","1392.391296","1392.391296","0","30755017","FY 01-JUL-13-30-JUN-14","30-NOV-13","06338"," ","1-9W0YVQ","1-9W0YVT","2100","Estimated Variable Cost",
"Honduras","2000399691","DIAPA - CACM","1000019511","Female Hair Care","Dinamica Comercial Haircare MR La Colonia, Antorchas e indep ago13","01-JUL-13","30-SEP-13","","DIAPA HAIRCARE JAS13 (5)","Confirmed","7228.00001","6499.9999988","7228.00001","30755017","FY 01-JUL-13-30-JUN-14","30-NOV-13","06338"," ","1-9NLA0R","1-9NLA0T","6500","Estimated Variable Cost",
"Honduras","9900000003","PROCONSUMO - CAMDO","1101710716","Grooming","Bonificación PBUG/Perma/ PB3 WHS-detalle sep13","01-JUL-13","30-SEP-13","","PROCONSUMO GROOMING JAS13 (8)","Confirmed","5499.999996","5499.999996","3114.999996","30755017","FY 01-JUL-13-30-JUN-14","30-NOV-13","06338"," ","1-9NL58U","1-9NL58W","5500","Estimated Variable Cost",
"Honduras","2000399691","DIAPA - CACM","1000013904","Fabric & Home Care","Visibilidad e incentivo FDV mayoreo/detalle sep13","01-JUL-13","30-SEP-13","","DIAPA F&HC JAS13 (6)","Confirmed","999.9999984","999.9999984","999.9999984","30755017","FY 01-JUL-13-30-JUN-14","30-NOV-13","06338"," ","1-9NL8LJ","1-9NL8LL","1000","Estimated Variable Cost",
"Honduras","9900000003","PROCONSUMO - CAMDO","1103200315","Duracell Primary Major Cells","Bonificaciones, concurso de venta y visibilidad HFS batteries  OND13","01-OCT-13","31-DEC-13","","PROCONSUMO BATTERIES OND13","Confirmed","519.1489367","519.1489367","0","30755017","FY 01-JUL-13-30-JUN-14","30-NOV-13","06338"," ","1-9W1LPX","1-9W1LQ2","1600","Estimated Variable Cost",
"Honduras","9900000003","PROCONSUMO - CAMDO","1104368046","Duracell Rechargeable Charger","Complemento Dinamica Comercial SM LC, Antorchas y SM indep TGU/SPS batteries sep13","01-OCT-13","31-DEC-13","","PROCONSUMO BATTERIES OND13","Confirmed","23.9542091","19.0448659","23.9542091","30755017","FY 01-JUL-13-30-JUN-14","30-NOV-13","06338"," ","1-9W1LPX","1-9W1LTK","1350","Estimated Variable Cost",
"Honduras","2000399690","CODIS/SURTIDORA - CACM","1000013906","Beauty Care","Bonificación y visibilidad PCC y APDOS WHS/detalle dic13","01-OCT-13","31-DEC-13","","CODIS/SISA BEAUTYCARE OND13","Confirmed","1193.4782418","1193.4782418","0","30755017","FY 01-JUL-13-30-JUN-14","30-NOV-13","06338"," ","1-9W0PK6","1-9W0PKA","1800","Estimated Variable Cost",
"Honduras","2000399691","DIAPA - CACM","1000019511","Female Hair Care","Dinamica Comercial Haircare SM La Colonia, Antorcha y SM indep dic13","01-OCT-13","31-DEC-13","","DIAPA HAIRCARE OND13 (1)","Confirmed","3646.73913","3646.73913","0","30755017","FY 01-JUL-13-30-JUN-14","30-NOV-13","06338"," ","1-9WTIU8","1-9WTJB4","5500","Estimated Variable Cost",
"Honduras","2000399690","CODIS/SURTIDORA - CACM","1000013906","Beauty Care","Concurso de venta PCC y APDOS WHS/detalle JAS13","01-JUL-13","30-SEP-13","","CODIS/SISA BEAUTYCARE JAS13","Confirmed","1862.9999998","1499.9999904","1862.9999998","30755017","FY 01-JUL-13-30-JUN-14","30-NOV-13","06338"," ","1-9NKTZW","1-9NKPRO","1500","Estimated Variable Cost",
"Honduras","2000399690","CODIS/SURTIDORA - CACM","1000019511","Female Hair Care","Plan Push- Doble gol y aniversarios- Haircare OND13","01-OCT-13","31-DEC-13","","CODIS/SISA HAIRCARE OND13","Confirmed","16576.0869705","16576.0869705","0","30755017","FY 01-JUL-13-30-JUN-14","30-NOV-13","06338"," ","1-9W0YVQ","1-9W1LGB","25000","Estimated Variable Cost",
"Honduras","2000399691","DIAPA - CACM","1000013904","Fabric & Home Care","Visibilidad y concurso de venta F&HC HFS/WHS nov13","01-OCT-13","31-DEC-13","","DIAPA F&HC OND13","Confirmed","2652.1739103","2652.1739103","0","30755017","FY 01-JUL-13-30-JUN-14","30-NOV-13","06338"," ","1-9WRNTD","1-9WRO4C","4000","Estimated Variable Cost",
"Honduras","2000399691","DIAPA - CACM","1000013904","Fabric & Home Care","Visibilidad y concurso de venta F&HC HFS/WHS dic13","01-OCT-13","31-DEC-13","","DIAPA F&HC OND13","Confirmed","1326.0869635","1326.0869635","0","30755017","FY 01-JUL-13-30-JUN-14","30-NOV-13","06338"," ","1-9WRNTD","1-9WRO47","2000","Estimated Variable Cost",
"Honduras","9900000003","PROCONSUMO - CAMDO","1101710716","Grooming","B&R First Sem kbd1 Procon MR","01-OCT-13","31-DEC-13","","PROCONSUMO B&R TFI OCT13","Confirmed","34570.4239104","34570.4239104","14508.0543488","30715013","FY 01-JUL-13-30-JUN-14","30-NOV-13","06338"," ","1-9W2XFU","1-9W2XL7","52139","Estimated Variable Cost",
"Honduras","9900000003","PROCONSUMO - CAMDO","1103200315","Duracell Primary Major Cells","Visibilidad en supermercados batteries JAS13","01-JUL-13","30-SEP-13","","PROCONSUMO BATTERIES JAS13","Confirmed","1174.4680854","1174.4680854","999.7659573","30755017","FY 01-JUL-13-30-JUN-14","30-NOV-13","06338"," ","1-9NL2I1","1-9NL2JR","2400","Estimated Variable Cost",
"Honduras","2000399691","DIAPA - CACM","1000013906","Beauty Care","Bonificacion 5+1, visibilidad y concurso de venta APDOS y PCC WHS-HFS dic13","01-OCT-13","31-DEC-13","","DIAPA BEAUTYCARE OND13","Confirmed","1856.521746","1856.521746","0","30755017","FY 01-JUL-13-30-JUN-14","30-NOV-13","06338"," ","1-9WKQSL","1-9WRNMJ","2800","Estimated Variable Cost",
"Honduras","2000399691","DIAPA - CACM","1000019511","Female Hair Care","Plan Push WHS Haircare JAS13 (1)","01-JUL-13","30-SEP-13","","DIAPA HAIRCARE JAS13 (8)","Confirmed","9000.0000132","9000.0000132","7245","30755017","FY 01-JUL-13-30-JUN-14","30-NOV-13","06338"," ","1-9NLAZ2","1-9NLBA6","9000","Estimated Variable Cost",
"Honduras","2000399691","DIAPA - CACM","1000013906","Beauty Care","Visibilidad Beautycare MR La Colonia, Antorchas e indep Jul13","01-JUL-13","30-SEP-13","","DIAPA BEAUTYCARE JAS13 (2)","Confirmed","4614.9999946","1499.9999904","4614.9999946","30755017","FY 01-JUL-13-30-JUN-14","30-NOV-13","06338"," ","1-9NL6AY","1-9NL6B0","1500","Estimated Variable Cost",
"Honduras","2000399690","CODIS/SURTIDORA - CACM","1101710716","Grooming","Escalas PBUG/ Perma /PB3, visibilidad y concurso de venta WHS-detalle dic13","01-OCT-13","31-DEC-13","","CODIS/SISA GROOMING OND13","Confirmed","663.0434816","663.0434816","0","30755017","FY 01-JUL-13-30-JUN-14","30-NOV-13","06338"," ","1-9W0YOS","1-9W0YVC","1000","Estimated Variable Cost",
"Honduras","2000399690","CODIS/SURTIDORA - CACM","1000013904","Fabric & Home Care","Bonif cloro botella, escala cloro populino, Ariel/Fab + cloro mayoreo/detalle OND13 (3)","01-OCT-13","31-DEC-13","","CODIS/SISA F&HC OND13","Confirmed","3315.2173992","3315.2173992","0","30755017","FY 01-JUL-13-30-JUN-14","30-NOV-13","06338"," ","1-9W0YH4","1-9W0YOO","5000","Estimated Variable Cost",
"Honduras","2000399690","CODIS/SURTIDORA - CACM","1000013898","Personal Health Care","Escalas x compra Health, bundles Vick y Pepto e incentivo FDV Jul13","01-JUL-13","30-SEP-13","","CODIS/SISA HEALTH JAS13 (1)","Confirmed","6999.9999993","6999.9999993","6459.9999996","30755017","FY 01-JUL-13-30-JUN-14","30-NOV-13","06338"," ","1-9NKZIJ","1-9NKZKA","7000","Estimated Variable Cost",
"Honduras","2000399690","CODIS/SURTIDORA - CACM","1000013906","Beauty Care","Bonificación y visibilidad PCC y APDOS WHS/detalle nov13","01-OCT-13","31-DEC-13","","CODIS/SISA BEAUTYCARE OND13","Confirmed","1193.4782418","1193.4782418","0","30755017","FY 01-JUL-13-30-JUN-14","30-NOV-13","06338"," ","1-9W0PK6","1-9W0PK9","1800","Estimated Variable Cost",
"Honduras","2000399691","DIAPA - CACM","1000013904","Fabric & Home Care","Bonificación F&HC HFS/WHS dic13","01-OCT-13","31-DEC-13","","DIAPA F&HC OND13","Confirmed","2652.1739103","2652.1739103","0","30755017","FY 01-JUL-13-30-JUN-14","30-NOV-13","06338"," ","1-9WRNTD","1-9WRO46","4000","Estimated Variable Cost",
"Honduras","9900000003","PROCONSUMO - CAMDO","1000013890","Oral Care","Endcaps Antorchas, La Colonia y SM Indep Oral Care ago13","01-JUL-13","30-SEP-13","","PROCONSUMO ORALB JAS13 (4)","Confirmed","1400","1400","690","30755017","FY 01-JUL-13-30-JUN-14","30-NOV-13","06338"," ","1-9NL2C9","1-9NL2HV","1400","Estimated Variable Cost",
"Honduras","9900000003","PROCONSUMO - CAMDO","1101710716","Grooming","B&R First Sem kbd2 Procon MR","01-OCT-13","31-DEC-13","","PROCONSUMO B&R TFI OCT13","Confirmed","17570.6521728","17570.6521728","8712.3913088","30755013","FY 01-JUL-13-30-JUN-14","30-NOV-13","06338"," ","1-9W2XFU","1-9W2XL9","26500","Estimated Variable Cost",
"Honduras","2000399691","DIAPA - CACM","1000013904","Fabric & Home Care","Visibilidad e incentivo FDV mayoreo/detalle Jul13","01-JUL-13","30-SEP-13","","DIAPA F&HC JAS13 (4)","Confirmed","999.9999984","999.9999984","999.9999984","30755017","FY 01-JUL-13-30-JUN-14","30-NOV-13","06338"," ","1-9NL87N","1-9NL8EK","1000","Estimated Variable Cost",
"Honduras","2000399691","DIAPA - CACM","1000013896","Fabric Care","Diferencias Vs EDLP Laundry TFI","01-NOV-13","31-MAR-14","","DIAPA F&HC TFI NOV13","Confirmed","5960.2648976","5960.2648976","0","30715013","FY 01-JUL-13-30-JUN-14","30-NOV-13","06338"," ","1-A17VNN","1-A17VSQ","30000","Estimated Variable Cost",
"Honduras","2000399690","CODIS/SURTIDORA - CACM","1000013904","Fabric & Home Care","Bonificaciones/Bundles F&HC mayoreo/detalle JAS13 (2)","01-JUL-13","30-SEP-13","","CODIS/SISA F&HC JAS13 (3)","Confirmed","5500.0000068","5500.0000068","5500.0000068","30755017","FY 01-JUL-13-30-JUN-14","30-NOV-13","06338"," ","1-9NL07L","1-9NL07N","5500","Estimated Variable Cost",
"Honduras","2000399691","DIAPA - CACM","1102244153","Beauty Care","Personal Cleansing Kbd1 Diapa MR TFI","01-SEP-13","31-DEC-13","","DIAPA BEAUTYCARE TFI SEP13","Confirmed","1939.3442589","1939.3442589","1939.3442589","30715013","FY 01-JUL-13-30-JUN-14","30-NOV-13","06338"," ","1-9T29M1","1-9T29NS","2600","Estimated Variable Cost",
"Honduras","2000399691","DIAPA - CACM","1000013904","Fabric & Home Care","Bonificación F&HC HFS/WHS oct13","01-OCT-13","31-DEC-13","","DIAPA F&HC OND13","Confirmed","2652.1739103","2652.1739103","0","30755017","FY 01-JUL-13-30-JUN-14","30-NOV-13","06338"," ","1-9WRNTD","1-9WRO4E","4000","Estimated Variable Cost",
"Honduras","2000399690","CODIS/SURTIDORA - CACM","1000019511","Female Hair Care","Visibilidad WHS/HFS Haircare JAS13","01-JUL-13","30-SEP-13","","CODIS/SISA HAIRCARE JAS13 (1)","Confirmed","2858.0000008","1500.0000022","2858.0000008","30755017","FY 01-JUL-13-30-JUN-14","30-NOV-13","06338"," ","1-9NL0LB","1-9NL0VJ","1500","Estimated Variable Cost",
"Honduras","2000399690","CODIS/SURTIDORA - CACM","1000013906","Beauty Care","Bonificación y visibilidad PCC y APDOS WHS/detalle oct13","01-OCT-13","31-DEC-13","","CODIS/SISA BEAUTYCARE OND13","Confirmed","1193.4782418","1193.4782418","0","30755017","FY 01-JUL-13-30-JUN-14","30-NOV-13","06338"," ","1-9W0PK6","1-9W0PK8","1800","Estimated Variable Cost",
"Honduras","2000399691","DIAPA - CACM","1000013904","Fabric & Home Care","Visibilidad F&HC SM La Colonia, Antorcha e SM indep nov13","01-OCT-13","31-DEC-13","","DIAPA F&HC OND13","Confirmed","1326.0869635","1326.0869635","0","30755017","FY 01-JUL-13-30-JUN-14","30-NOV-13","06338"," ","1-9WRNTD","1-9WRO2O","2000","Estimated Variable Cost",
"Honduras","9900000003","PROCONSUMO - CAMDO","1101710716","Grooming","Corporativo promocional, checkouts y visibilidad Grooming MR oct13","01-OCT-13","31-DEC-13","","PROCONSUMO GROOMING OND13 (1)","Confirmed","7625","7625","0","30755017","FY 01-JUL-13-30-JUN-14","30-NOV-13","06338"," ","1-9W1OQV","1-9W1OQX","11500","Estimated Variable Cost",
"Honduras","2000399690","CODIS/SURTIDORA - CACM","1000013904","Fabric & Home Care","Bonificaciones/Bundles F&HC mayoreo/detalle JAS13 (1)","01-JUL-13","30-SEP-13","","CODIS/SISA F&HC JAS13 (2)","Confirmed","5500.0000068","5500.0000068","4919.0000028","30755017","FY 01-JUL-13-30-JUN-14","30-NOV-13","06338"," ","1-9NL00M","1-9NL00P","5500","Estimated Variable Cost",
"Honduras","2000399690","CODIS/SURTIDORA - CACM","1000013898","Personal Health Care","Escalas x compra Health, bundles Vick y Pepto e incentivo FDV ago13","01-JUL-13","30-SEP-13","","CODIS/SISA HEALTH JAS13 (2)","Confirmed","7291.9999992","6999.9999993","7291.9999992","30755017","FY 01-JUL-13-30-JUN-14","30-NOV-13","06338"," ","1-9NKZKD","1-9NKZKF","7000","Estimated Variable Cost",
"Honduras","9900000003","PROCONSUMO - CAMDO","1103200315","Duracell Primary Major Cells","Bat First sem Procon MR  kbd1","01-OCT-13","31-DEC-13","","PROCONSUMO BATTERIES TFI OCT13","Confirmed","5967.3913034","5967.3913034","4714.9021741","30715013","FY 01-JUL-13-30-JUN-14","30-NOV-13","06338"," ","1-9W2XE1","1-9W2XFP","9000","Estimated Variable Cost",
"Honduras","2000399691","DIAPA - CACM","1000013906","Beauty Care","EDLP Walmart y descuentos Beauty care en SM dic13","01-OCT-13","31-DEC-13","","DIAPA BEAUTYCARE OND13","Confirmed","1723.9130628","1723.9130628","0","30715017","FY 01-JUL-13-30-JUN-14","30-NOV-13","06338"," ","1-9WKQSL","1-9WKQSP","2600","Estimated Variable Cost",
"Honduras","2000399691","DIAPA - CACM","1000019511","Female Hair Care","EDLP Walmart y descuentos Haircare SM La Colonia, Antorcha y SM indep oct13","01-OCT-13","31-DEC-13","","DIAPA HAIRCARE OND13 (1)","Confirmed","3978.2608658","3978.2608658","0","30715017","FY 01-JUL-13-30-JUN-14","30-NOV-13","06338"," ","1-9WTIU8","1-9WTIUA","6000","Estimated Variable Cost",
"Honduras","2000399691","DIAPA - CACM","1000013890","Oral Care","Bonificaciones y visibilidad Oralcare WHS-detalle OND13","01-OCT-13","31-DEC-13","","DIAPA ORALCARE OND13","Confirmed","530.4347876","530.4347876","0","30755017","FY 01-JUL-13-30-JUN-14","30-NOV-13","06338"," ","1-9WTIR6","1-9WTIR8","800","Estimated Variable Cost",
"Honduras","2000399691","DIAPA - CACM","1000013906","Beauty Care","Endcaps y displays Safeguard y APDOS en SM TGU/SPS oct13","01-OCT-13","31-DEC-13","","DIAPA BEAUTYCARE OND13","Confirmed","1723.9130628","1723.9130628","0","30755017","FY 01-JUL-13-30-JUN-14","30-NOV-13","06338"," ","1-9WKQSL","1-9WKS0F","2600","Estimated Variable Cost",
"Honduras","9900000003","PROCONSUMO - CAMDO","1000013890","Oral Care","Endcaps Antorchas, La Colonia y SM Indep Oral Care jul13","01-JUL-13","30-SEP-13","","PROCONSUMO ORALB JAS13 (4)","Confirmed","2000","1400","2000","30755017","FY 01-JUL-13-30-JUN-14","30-NOV-13","06338"," ","1-9NL2C9","1-9NL2CB","1400","Estimated Variable Cost",
"Honduras","2000399690","CODIS/SURTIDORA - CACM","1103200315","Duracell Primary Major Cells","Bonificaciones, concurso de venta Batteries Codis OND13","01-OCT-13","31-DEC-13","","CODIS/SISA BATTERIES OND13","Confirmed","364.6739125","364.6739125","0","30755017","FY 01-JUL-13-30-JUN-14","30-NOV-13","06338"," ","1-9W0PH3","1-9W0PH5","550","Estimated Variable Cost",
"Honduras","9900000003","PROCONSUMO - CAMDO","1000013906","Beauty Care","Dinamica Comercial La Colonia, Antorcha y SM Beauty care - bonificaciones OND13","01-OCT-13","31-DEC-13","","PROCONSUMO BEAUTYCARE OND13","Confirmed","1193.4782418","1193.4782418","0","30755017","FY 01-JUL-13-30-JUN-14","30-NOV-13","06338"," ","1-9W1LTP","1-9W1LTS","1800","Estimated Variable Cost",
"Honduras","2000399691","DIAPA - CACM","1000013906","Beauty Care","Endcaps y displays Safeguard y APDOS en SM TGU/SPS dic13","01-OCT-13","31-DEC-13","","DIAPA BEAUTYCARE OND13","Confirmed","1723.9130628","1723.9130628","0","30755017","FY 01-JUL-13-30-JUN-14","30-NOV-13","06338"," ","1-9WKQSL","1-9WKS0H","2600","Estimated Variable Cost",
"Honduras","2000399690","CODIS/SURTIDORA - CACM","1000013906","Beauty Care","Bonificación PCC y APDOS WHS/detalle sep13","01-JUL-13","30-SEP-13","","CODIS/SISA BEAUTYCARE JAS13","Confirmed","2930.0000209","1799.9999971","2930.0000209","30755017","FY 01-JUL-13-30-JUN-14","30-NOV-13","06338"," ","1-9NKTZW","1-9NKPRK","1800","Estimated Variable Cost",
"Honduras","2000399691","DIAPA - CACM","1000013904","Fabric & Home Care","Visibilidad F&HC SM La Colonia, Antorcha e SM indep oct13","01-OCT-13","31-DEC-13","","DIAPA F&HC OND13","Confirmed","1326.0869635","1326.0869635","0","30755017","FY 01-JUL-13-30-JUN-14","30-NOV-13","06338"," ","1-9WRNTD","1-9WRO2M","2000","Estimated Variable Cost",
"Honduras","2000399690","CODIS/SURTIDORA - CACM","1000013904","Fabric & Home Care","Bonif cloro botella, escala cloro populino, Ariel/Fab + cloro mayoreo/detalle OND13 (1)","01-OCT-13","31-DEC-13","","CODIS/SISA F&HC OND13","Confirmed","3315.2173992","3315.2173992","0","30755017","FY 01-JUL-13-30-JUN-14","30-NOV-13","06338"," ","1-9W0YH4","1-9W0YON","5000","Estimated Variable Cost",
"Honduras","2000399691","DIAPA - CACM","1000013890","Oral Care","Bonificaciones y visibilidad Oralcare WHS-detalle JAS13","01-JUL-13","30-SEP-13","","DIAPA ORALCARE JAS13","Confirmed","1500","1500","61","30755017","FY 01-JUL-13-30-JUN-14","30-NOV-13","06338"," ","1-9NL76P","1-9NL7BB","1500","Estimated Variable Cost",
"Honduras","2000399690","CODIS/SURTIDORA - CACM","1000013890","Oral Care","Bundles OralB WHS/detalle y concurso de venta JAS13","01-JUL-13","30-SEP-13","","CODIS/SISA ORALB JAS13","Confirmed","1800","1800","1793","30755017","FY 01-JUL-13-30-JUN-14","30-NOV-13","06338"," ","1-9NKZPX","1-9NKZUI","1800","Estimated Variable Cost",
"Honduras","2000399690","CODIS/SURTIDORA - CACM","1000013904","Fabric & Home Care","Bonificaciones/Bundles F&HC mayoreo/detalle JAS13 (3)","01-JUL-13","30-SEP-13","","CODIS/SISA F&HC JAS13 (4)","Confirmed","10391.9999976","5500.0000068","10391.9999976","30755017","FY 01-JUL-13-30-JUN-14","30-NOV-13","06338"," ","1-9NL0EG","1-9NL0EI","5500","Estimated Variable Cost",
"Honduras","9900000003","PROCONSUMO - CAMDO","1101710716","Grooming","Corporativo promocional, checkouts y visibilidad Grooming MR nov13","01-OCT-13","31-DEC-13","","PROCONSUMO GROOMING OND13 (1)","Confirmed","7625","7625","0","30755017","FY 01-JUL-13-30-JUN-14","30-NOV-13","06338"," ","1-9W1OQV","1-9W0XGL","11500","Estimated Variable Cost",
"Honduras","2000399691","DIAPA - CACM","1101710716","Grooming","Bonificaciones PBUG/Perma/PB3 WHS-detalle Jul13","01-JUL-13","30-SEP-13","","DIAPA GROOMING JAS13 (1)","Confirmed","4200","4200","4143","30755017","FY 01-JUL-13-30-JUN-14","30-NOV-13","06338"," ","1-9NL7BL","1-9NL7GP","4200","Estimated Variable Cost",
"Honduras","2000399690","CODIS/SURTIDORA - CACM","1000019511","Female Hair Care","Plan Push WHS Haircare JAS13 (1)","01-JUL-13","30-SEP-13","","CODIS/SISA HAIRCARE JAS13 (2)","Confirmed","14849.9999928","9999.9999932","14849.9999928","30755017","FY 01-JUL-13-30-JUN-14","30-NOV-13","06338"," ","1-9NL0VL","1-9NL0VN","10000","Estimated Variable Cost",
"Honduras","2000399691","DIAPA - CACM","1000013904","Fabric & Home Care","Bonificaciones/Bundles F&HC mayoreo/detalle ago13","01-JUL-13","30-SEP-13","","DIAPA F&HC JAS13 (5)","Confirmed","5000.0000076","5000.0000076","4318.0000032","30755017","FY 01-JUL-13-30-JUN-14","30-NOV-13","06338"," ","1-9NL8EM","1-9NL8EP","5000","Estimated Variable Cost",
"Honduras","2000399691","DIAPA - CACM","1000019511","Female Hair Care","Plan Push- Doble gol y aniversarios- Haircare OND13","01-OCT-13","31-DEC-13","","DIAPA HAIRCARE OND13 (2)","Confirmed","14586.95652","14586.95652","0","30755017","FY 01-JUL-13-30-JUN-14","30-NOV-13","06338"," ","1-9WTJB8","1-9WVUG2","22000","Estimated Variable Cost",
"Honduras","9900000003","PROCONSUMO - CAMDO","1103200315","Duracell Primary Major Cells","Bat First sem Procon MR  kbd2","01-OCT-13","31-DEC-13","","PROCONSUMO BATTERIES TFI OCT13","Confirmed","9282.6086952","9282.6086952","197.5869556","30755013","FY 01-JUL-13-30-JUN-14","30-NOV-13","06338"," ","1-9W2XE1","1-9W2XFS","14000","Estimated Variable Cost",
"Honduras","2000399691","DIAPA - CACM","1000019511","Female Hair Care","Visibilidad Haircare WHS/HFS OND13","01-OCT-13","31-DEC-13","","DIAPA HAIRCARE OND13 (2)","Confirmed","1326.0869432","1326.0869432","0","30755017","FY 01-JUL-13-30-JUN-14","30-NOV-13","06338"," ","1-9WTJB8","1-9WTJBA","2000","Estimated Variable Cost",
"Honduras","2000399691","DIAPA - CACM","1000019511","Female Hair Care","Dinamica Comercial Haircare MR La Colonia, Antorchas e indep sep13","01-JUL-13","30-SEP-13","","DIAPA HAIRCARE JAS13 (6)","Confirmed","6499.9999988","6499.9999988","0","30755017","FY 01-JUL-13-30-JUN-14","30-NOV-13","06338"," ","1-9NLABV","1-9NLABX","6500","Estimated Variable Cost",
"Honduras","2000399691","DIAPA - CACM","1000019511","Female Hair Care","Visibilidad WHS/HFS Haircare JAS13","01-JUL-13","30-SEP-13","","DIAPA HAIRCARE JAS13 (7)","Confirmed","3000.0000044","3000.0000044","2702.9999878","30755017","FY 01-JUL-13-30-JUN-14","30-NOV-13","06338"," ","1-9NLANV","1-9NLAZ0","3000","Estimated Variable Cost",
"Honduras","9900000003","PROCONSUMO - CAMDO","1000013890","Oral Care","Endcaps Oral Care SM Antorchas, La Colonia e  SM Indep nov13","01-OCT-13","31-DEC-13","","PROCONSUMO ORALB OND13","Confirmed","1193.4782655","1193.4782655","0","30755017","FY 01-JUL-13-30-JUN-14","30-NOV-13","06338"," ","1-9W1OKG","1-9W1OQL","1800","Estimated Variable Cost",
"Honduras","2000399691","DIAPA - CACM","1000013906","Beauty Care","Visibilidad Beautycare MR La Colonia, Antorchas e indep ago13","01-JUL-13","30-SEP-13","","DIAPA BEAUTYCARE JAS13 (2)","Confirmed","2413.0000049","1499.9999904","2413.0000049","30755017","FY 01-JUL-13-30-JUN-14","30-NOV-13","06338"," ","1-9NL6AY","1-9NL6PC","1500","Estimated Variable Cost",
"Honduras","2000399691","DIAPA - CACM","1000013904","Fabric & Home Care","Visibilidad F&HC MR Dinamica Comercial La Colonia, Antorchas e indep sep13","01-JUL-13","30-SEP-13","","DIAPA F&HC JAS13 (3)","Confirmed","2499.999996","2499.999996","499.9999992","30755017","FY 01-JUL-13-30-JUN-14","30-NOV-13","06338"," ","1-9NL80O","1-9NL87L","2500","Estimated Variable Cost",
"Honduras","2000399691","DIAPA - CACM","1000013904","Fabric & Home Care","Visibilidad F&HC MR Dinamica Comercial La Colonia, Antorchas e indep ago13","01-JUL-13","30-SEP-13","","DIAPA F&HC JAS13 (3)","Confirmed","2520.0000072","2499.999996","2520.0000072","30755017","FY 01-JUL-13-30-JUN-14","30-NOV-13","06338"," ","1-9NL80O","1-9NL87J","2500","Estimated Variable Cost",
"Honduras","2000399690","CODIS/SURTIDORA - CACM","1000013898","Personal Health Care","Escalas x compra Health, bundles Vick y Pepto e incentivo FDV oct13","01-OCT-13","31-DEC-13","","CODIS/SISA HEALTH OND13","Confirmed","3315.2173908","3315.2173908","0","30755017","FY 01-JUL-13-30-JUN-14","30-NOV-13","06338"," ","1-9W1LGD","1-9W1LGF","5000","Estimated Variable Cost",
"Honduras","2000399691","DIAPA - CACM","1000043711","Baby Care","EDLP Walmart y descuentos Pampers en SM OND13","01-OCT-13","31-DEC-13","","DIAPA BABYCARE OND13","Confirmed","1657.6086956","1657.6086956","0","30715017","FY 01-JUL-13-30-JUN-14","30-NOV-13","06338"," ","1-9WKQOK","1-9WKQOM","2500","Estimated Variable Cost",
"Honduras","2000399691","DIAPA - CACM","1000043711","Baby Care","Baby Sep Kbd1 TFI","01-SEP-13","31-DEC-13","","DIAPA TFI BABYCARE SEP13 -C","Confirmed","2237.7049188","2237.7049188","2204.8852436","30715013","FY 01-JUL-13-30-JUN-14","30-NOV-13","06338"," ","1-A0QPDH","1-A0QPGT","3000","Estimated Variable Cost",
"Honduras","2000399691","DIAPA - CACM","1000013906","Beauty Care","Bonificacion 5+1, visibilidad y concurso de venta APDOS y PCC WHS-HFS oct13","01-OCT-13","31-DEC-13","","DIAPA BEAUTYCARE OND13","Confirmed","1856.521746","1856.521746","0","30755017","FY 01-JUL-13-30-JUN-14","30-NOV-13","06338"," ","1-9WKQSL","1-9WRNMG","2800","Estimated Variable Cost",
"Honduras","2000399691","DIAPA - CACM","1000019511","Female Hair Care","EDLP Walmart y descuentos Haircare MR ago13","01-JUL-13","30-SEP-13","","DIAPA HAIRCARE JAS13 (2)","Confirmed","8759.9999858","6999.9999888","8759.9999858","30715017","FY 01-JUL-13-30-JUN-14","30-NOV-13","06338"," ","1-9NL93F","1-9NL93H","7000","Estimated Variable Cost",
"Honduras","2000399691","DIAPA - CACM","1000013906","Beauty Care","Bonificaciones PCC y APDOS WHS-detalle sep13","01-JUL-13","30-SEP-13","","DIAPA BEAUTYCARE JAS13 (3)","Confirmed","6664.9999901","1600.000007","6664.9999901","30755017","FY 01-JUL-13-30-JUN-14","30-NOV-13","06338"," ","1-9NL6PH","1-9NL73Y","1600","Estimated Variable Cost",
"Honduras","2000399691","DIAPA - CACM","1102244153","Beauty Care","Personal Cleansing Kbd2 Diapa MR TFI","01-SEP-13","31-DEC-13","","DIAPA BEAUTYCARE TFI SEP13","Confirmed","6713.1147514","6713.1147514","6713.1147514","30755013","FY 01-JUL-13-30-JUN-14","30-NOV-13","06338"," ","1-9T29M1","1-9T29O7","9000","Estimated Variable Cost",
"Honduras","2000399691","DIAPA - CACM","1101710716","Grooming","Bonificaciones PBUG/Perma/PB3 WHS-detalle sep13","01-JUL-13","30-SEP-13","","DIAPA GROOMING JAS13 (2)","Confirmed","4200","4200","3204","30755017","FY 01-JUL-13-30-JUN-14","30-NOV-13","06338"," ","1-9NL7GU","1-9NL7GX","4200","Estimated Variable Cost",
"Honduras","2000399691","DIAPA - CACM","1000013904","Fabric & Home Care","EDLP Walmart y descuentos F&HC SM La Colonia, Antorcha, Colonial y SM indep nov13","01-OCT-13","31-DEC-13","","DIAPA F&HC OND13","Confirmed","2652.1739103","2652.1739103","0","30715017","FY 01-JUL-13-30-JUN-14","30-NOV-13","06338"," ","1-9WRNTD","1-9WRO2H","4000","Estimated Variable Cost",
"Honduras","9900000003","PROCONSUMO - CAMDO","1103200341","Duracell Primary Major Cells All Forms","Bonificaciones, concurso de venta y visibilidad HFS batteries  OND13","01-OCT-13","31-DEC-13","","PROCONSUMO BATTERIES OND13","Confirmed","519.1489367","519.1489367","0","30755017","FY 01-JUL-13-30-JUN-14","30-NOV-13","06338"," ","1-9W1LPX","1-9W1LQ2","1600","Estimated Variable Cost",
"Honduras","9900000003","PROCONSUMO - CAMDO","1000013890","Oral Care","Complemento EDLP Walmart/ Discounts Oral Care Indep sep13","01-OCT-13","31-DEC-13","","PROCONSUMO ORALB OND13","Confirmed","1127.1739167","1127.1739167","0","30715017","FY 01-JUL-13-30-JUN-14","30-NOV-13","06338"," ","1-9W1OKG","1-9W1OQF","1700","Estimated Variable Cost",
"Honduras","9900000003","PROCONSUMO - CAMDO","1101710716","Grooming","Corporativo promocional, checkouts y visibilidad Grooming MR jul13","01-JUL-13","30-SEP-13","","PROCONSUMO GROOMING JAS13 (3)","Confirmed","13989","8499.999996","13989","30755017","FY 01-JUL-13-30-JUN-14","30-NOV-13","06338"," ","1-9NL2VG","1-9NL30K","8500","Estimated Variable Cost",
"Honduras","2000399690","CODIS/SURTIDORA - CACM","1101710716","Grooming","Bonificación PBUG/ Perma /PB3 y concurso de venta WHS-detalle Jul13","01-JUL-13","30-SEP-13","","CODIS/SISA GROOMING JAS13 (1)","Confirmed","7500","7500","534.999996","30755017","FY 01-JUL-13-30-JUN-14","30-NOV-13","06338"," ","1-9NKPRQ","1-9NKPWU","7500","Estimated Variable Cost",
"Honduras","2000399691","DIAPA - CACM","1000013906","Beauty Care","EDLP Walmart y descuentos Beauty care en SM sep13","01-JUL-13","30-SEP-13","","DIAPA BEAUTYCARE JAS13 (1)","Confirmed","1499.9999904","1499.9999904","1254.9999799","30715017","FY 01-JUL-13-30-JUN-14","30-NOV-13","06338"," ","1-9NL5XF","1-9NL6AW","1500","Estimated Variable Cost",
"Honduras","9900000003","PROCONSUMO - CAMDO","1101710716","Grooming","Complemento de Dinamica Comercial LC y Antorcha Grooming MR sep13","01-SEP-13","31-DEC-13","","PROCONSUMO GROOMING OND13 (1)","Confirmed","6638.5245952","6638.5245952","3640.7459072","30755017","FY 01-JUL-13-30-JUN-14","30-NOV-13","06338"," ","1-9W1OQV","1-9W0XGQ","8900","Estimated Variable Cost",
"Honduras","2000399690","CODIS/SURTIDORA - CACM","1101710716","Grooming","Escalas PBUG/ Perma /PB3, visibilidad y concurso de venta WHS-detalle oct13","01-OCT-13","31-DEC-13","","CODIS/SISA GROOMING OND13","Confirmed","663.0434816","663.0434816","0","30755017","FY 01-JUL-13-30-JUN-14","30-NOV-13","06338"," ","1-9W0YOS","1-9W0YOU","1000","Estimated Variable Cost",
"Honduras","9900000003","PROCONSUMO - CAMDO","1103200315","Duracell Primary Major Cells","Complemento Dinamica Comercial SM LC, Antorchas y SM indep TGU/SPS batteries sep13","01-OCT-13","31-DEC-13","","PROCONSUMO BATTERIES OND13","Confirmed","550.9468093","438.0319157","550.9468093","30755017","FY 01-JUL-13-30-JUN-14","30-NOV-13","06338"," ","1-9W1LPX","1-9W1LTK","1350","Estimated Variable Cost",
"Honduras","9900000003","PROCONSUMO - CAMDO","1104368046","Duracell Rechargeable Charger","Bonificaciones, concurso de venta y visibilidad HFS batteries  JAS13","01-JUL-13","30-SEP-13","","PROCONSUMO BATTERIES JAS13","Confirmed","32.6170213","30.8510638","32.6170213","30755017","FY 01-JUL-13-30-JUN-14","30-NOV-13","06338"," ","1-9NL2I1","1-9NL2K2","1450","Estimated Variable Cost",
"Honduras","2000399691","DIAPA - CACM","1000013904","Fabric & Home Care","EDLP Walmart y descuentos F&HC en SM sep13","01-JUL-13","30-SEP-13","","DIAPA F&HC JAS13 (2)","Confirmed","3999.9999936","3999.9999936","889.9999992","30715017","FY 01-JUL-13-30-JUN-14","30-NOV-13","06338"," ","1-9NL7TE","1-9NL7TH","4000","Estimated Variable Cost",
"Honduras","2000399690","CODIS/SURTIDORA - CACM","1000019511","Female Hair Care","Plan Push WHS Haircare JAS13 (3)","01-JUL-13","30-SEP-13","","CODIS/SISA HAIRCARE JAS13 (4)","Confirmed","5099.9999946","5099.9999946","1768.9999936","30755017","FY 01-JUL-13-30-JUN-14","30-NOV-13","06338"," ","1-9NL1HU","1-9NL1HW","5100","Estimated Variable Cost",
"Honduras","2000399690","CODIS/SURTIDORA - CACM","1000013904","Fabric & Home Care","Visibilidad F&HC mayoreo/detalle JAS13","01-JUL-13","30-SEP-13","","CODIS/SISA F&HC JAS13 (1)","Confirmed","2999.9999952","2999.9999952","654.9999924","30755017","FY 01-JUL-13-30-JUN-14","30-NOV-13","06338"," ","1-9NKZUL","1-9NL00K","3000","Estimated Variable Cost",
"Honduras","9900000003","PROCONSUMO - CAMDO","1101710716","Grooming","Bonificación PBUG/Perma/ PB3 WHS-detalle ago13","01-JUL-13","30-SEP-13","","PROCONSUMO GROOMING JAS13 (7)","Confirmed","6555.999996","5499.999996","6555.999996","30755017","FY 01-JUL-13-30-JUN-14","30-NOV-13","06338"," ","1-9NL52P","1-9NL52R","5500","Estimated Variable Cost",
"Honduras","9900000003","PROCONSUMO - CAMDO","1000013906","Beauty Care","EDLP WM / featuring Beauty care Walmart, LC, Antorchas y SM indep OND13","01-OCT-13","31-DEC-13","","PROCONSUMO BEAUTYCARE OND13","Confirmed","397.8260806","397.8260806","0","30715017","FY 01-JUL-13-30-JUN-14","30-NOV-13","06338"," ","1-9W1LTP","1-9W1LTR","600","Estimated Variable Cost",
"Honduras","2000399691","DIAPA - CACM","1000019511","Female Hair Care","Concurso de venta WHS/HFS Haircare JAS13","01-JUL-13","30-SEP-13","","DIAPA HAIRCARE JAS13 (7)","Confirmed","3999.9999844","3999.9999844","1095.9999974","30755017","FY 01-JUL-13-30-JUN-14","30-NOV-13","06338"," ","1-9NLANV","1-9NLANX","4000","Estimated Variable Cost",
"Honduras","2000399691","DIAPA - CACM","1000043711","Baby Care","Baby WM Nov KBD1 TFI","01-NOV-13","30-NOV-13","","DIAPA BABYCARE TFI NOV13","Confirmed","1499.9999976","1499.9999976","0","30715013","FY 01-JUL-13-30-JUN-14","30-NOV-13","06338"," ","1-A17VST","1-A17VVB","1500","Estimated Variable Cost",
"Honduras","2000399691","DIAPA - CACM","1103200340","Duracell Primary Major Cells","Bonificaciones, concurso de venta y visibilidad Batteries JAS13","01-JUL-13","30-SEP-13","","DIAPA BATTERIES JAS13","Confirmed","1000.0000007","1000.0000007","75.9999994","30755017","FY 01-JUL-13-30-JUN-14","30-NOV-13","06338"," ","1-9NL74S","1-9NL76F","1000","Estimated Variable Cost",
"Honduras","9900000003","PROCONSUMO - CAMDO","1101710716","Grooming","Incentivo FDV y bonificaciones PBUG/Perma y PB3 Grooming HFS/WHS nov13","01-OCT-13","31-DEC-13","","PROCONSUMO GROOMING OND13 (2)","Confirmed","3315.2173952","3315.2173952","0","30755017","FY 01-JUL-13-30-JUN-14","30-NOV-13","06338"," ","1-9W0XHG","1-9W0XHN","5000","Estimated Variable Cost",
"Honduras","2000399691","DIAPA - CACM","1000019511","Female Hair Care","Plan Push WHS Haircare JAS13 (2)","01-JUL-13","30-SEP-13","","DIAPA HAIRCARE JAS13 (9)","Confirmed","9000.0000132","9000.0000132","9000.0000132","30755017","FY 01-JUL-13-30-JUN-14","30-NOV-13","06338"," ","1-9NLBA9","1-9NLBAB","9000","Estimated Variable Cost",
"Honduras","9900000003","PROCONSUMO - CAMDO","1101710716","Grooming","Bonificación PBUG/Perma/ PB3 WHS-detalle Jul13","01-JUL-13","30-SEP-13","","PROCONSUMO GROOMING JAS13 (6)","Confirmed","5100","5100","2598.999996","30755017","FY 01-JUL-13-30-JUN-14","30-NOV-13","06338"," ","1-9NL4WI","1-9NL4WK","5100","Estimated Variable Cost",
"Honduras","2000399690","CODIS/SURTIDORA - CACM","1000013898","Personal Health Care","Escalas x compra Health, bundles Vick y Pepto e incentivo FDV dic13","01-OCT-13","31-DEC-13","","CODIS/SISA HEALTH OND13","Confirmed","3315.2173908","3315.2173908","0","30755017","FY 01-JUL-13-30-JUN-14","30-NOV-13","06338"," ","1-9W1LGD","1-9W1LJU","5000","Estimated Variable Cost",
"Honduras","2000399690","CODIS/SURTIDORA - CACM","1000013898","Personal Health Care","Escalas x compra Health, bundles Vick y Pepto e incentivo FDV sep13","01-JUL-13","30-SEP-13","","CODIS/SISA HEALTH JAS13 (3)","Confirmed","6999.9999993","6999.9999993","159.0000006","30755017","FY 01-JUL-13-30-JUN-14","30-NOV-13","06338"," ","1-9NKZN5","1-9NKZN7","7000","Estimated Variable Cost",
"Honduras","2000399690","CODIS/SURTIDORA - CACM","1000013904","Fabric & Home Care","Concurso de ventas F&HC mayoreo/detalle JAS13","01-JUL-13","30-SEP-13","","CODIS/SISA F&HC JAS13 (1)","Confirmed","2999.9999952","2999.9999952","774.9999972","30755017","FY 01-JUL-13-30-JUN-14","30-NOV-13","06338"," ","1-9NKZUL","1-9NL00F","3000","Estimated Variable Cost",
"Honduras","2000399691","DIAPA - CACM","1000013904","Fabric & Home Care","Visibilidad F&HC MR Dinamica Comercial La Colonia, Antorchas e indep jul13","01-JUL-13","30-SEP-13","","DIAPA F&HC JAS13 (3)","Confirmed","3130.0000056","2499.999996","3130.0000056","30755017","FY 01-JUL-13-30-JUN-14","30-NOV-13","06338"," ","1-9NL80O","1-9NL80Q","2500","Estimated Variable Cost",
"Honduras","9900000003","PROCONSUMO - CAMDO","1103200341","Duracell Primary Major Cells All Forms","Bonificaciones, concurso de venta y visibilidad HFS batteries  JAS13","01-JUL-13","30-SEP-13","","PROCONSUMO BATTERIES JAS13","Confirmed","750.1914899","709.5744674","750.1914899","30755017","FY 01-JUL-13-30-JUN-14","30-NOV-13","06338"," ","1-9NL2I1","1-9NL2K2","1450","Estimated Variable Cost",
"Honduras","2000399691","DIAPA - CACM","1000013904","Fabric & Home Care","Visibilidad y concurso de venta F&HC HFS/WHS oct13","01-OCT-13","31-DEC-13","","DIAPA F&HC OND13","Confirmed","2652.1739103","2652.1739103","0","30755017","FY 01-JUL-13-30-JUN-14","30-NOV-13","06338"," ","1-9WRNTD","1-9WRO4A","4000","Estimated Variable Cost",
"Honduras","9900000003","PROCONSUMO - CAMDO","1000013906","Beauty Care","Dinamica Comercial La Colonia, Antorcha y SM Beauty care - bonificaciones JAS13","01-JUL-13","30-SEP-13","","PROCONSUMO BEAUTYCARE JAS13","Confirmed","2916.9999834","2499.999984","2916.9999834","30755017","FY 01-JUL-13-30-JUN-14","30-NOV-13","06338"," ","1-9NL5GY","1-9NL5UD","2500","Estimated Variable Cost",
"Honduras","9900000003","PROCONSUMO - CAMDO","1000013901","Oral Care","Venus, EDLP, Featuring Kbd2 Procon MR  TFI","01-SEP-13","31-DEC-13","","PROCONSUMO ORALB TFI SEP13","Confirmed","35430.3278692","35430.3278692","25356.1803264","30755013","FY 01-JUL-13-30-JUN-14","30-NOV-13","06338"," ","1-9T29G7","1-9T29LY","47500","Estimated Variable Cost",
"Honduras","9900000003","PROCONSUMO - CAMDO","1101710716","Grooming","Corporativo promocional, checkouts y visibilidad Grooming MR ago13","01-JUL-13","30-SEP-13","","PROCONSUMO GROOMING JAS13 (4)","Confirmed","15488.000004","8499.999996","15488.000004","30755017","FY 01-JUL-13-30-JUN-14","30-NOV-13","06338"," ","1-9NL30N","1-9NL30P","8500","Estimated Variable Cost",
"Honduras","2000399690","CODIS/SURTIDORA - CACM","1000019511","Female Hair Care","Plan Push WHS Haircare JAS13 (2)","01-JUL-13","30-SEP-13","","CODIS/SISA HAIRCARE JAS13 (3)","Confirmed","9999.9999932","9999.9999932","9999.9999932","30755017","FY 01-JUL-13-30-JUN-14","30-NOV-13","06338"," ","1-9NL16Q","1-9NL16S","10000","Estimated Variable Cost",
"Honduras","9900000003","PROCONSUMO - CAMDO","1103200341","Duracell Primary Major Cells All Forms","Dinamica Comercial SM LC, Antorchas y SM indep TGU/SPS batteries OND13","01-OCT-13","31-DEC-13","","PROCONSUMO BATTERIES OND13","Confirmed","1297.8723406","1297.8723406","0","30755017","FY 01-JUL-13-30-JUN-14","30-NOV-13","06338"," ","1-9W1LPX","1-9W1LQ1","4000","Estimated Variable Cost",
"Honduras","2000399690","CODIS/SURTIDORA - CACM","1000013906","Beauty Care","Concurso de venta PCC y APDOS WHS/detalle OND13","01-OCT-13","31-DEC-13","","CODIS/SISA BEAUTYCARE OND13","Confirmed","994.5652242","994.5652242","0","30755017","FY 01-JUL-13-30-JUN-14","30-NOV-13","06338"," ","1-9W0PK6","1-9W0PKB","1500","Estimated Variable Cost",
"Honduras","2000399691","DIAPA - CACM","1000013906","Beauty Care","Endcaps y displays Safeguard y APDOS en SM TGU/SPS nov13","01-OCT-13","31-DEC-13","","DIAPA BEAUTYCARE OND13","Confirmed","1723.9130628","1723.9130628","0","30755017","FY 01-JUL-13-30-JUN-14","30-NOV-13","06338"," ","1-9WKQSL","1-9WKS0G","2600","Estimated Variable Cost",
"Honduras","2000399690","CODIS/SURTIDORA - CACM","1000013906","Beauty Care","Bonificación PCC y APDOS WHS/detalle Jul13","01-JUL-13","30-SEP-13","","CODIS/SISA BEAUTYCARE JAS13","Confirmed","1799.9999971","1799.9999971","865.0000186","30755017","FY 01-JUL-13-30-JUN-14","30-NOV-13","06338"," ","1-9NKTZW","1-9NKPRH","1800","Estimated Variable Cost",
"Honduras","2000399691","DIAPA - CACM","1000019511","Female Hair Care","Dinamica Comercial Haircare SM La Colonia, Antorcha y SM indep oct13","01-OCT-13","31-DEC-13","","DIAPA HAIRCARE OND13 (1)","Confirmed","3646.73913","3646.73913","0","30755017","FY 01-JUL-13-30-JUN-14","30-NOV-13","06338"," ","1-9WTIU8","1-9WTJB2","5500","Estimated Variable Cost",
"Honduras","2000399691","DIAPA - CACM","1000013904","Fabric & Home Care","Laundry Activities FY1213 Diapa KBD1","01-SEP-13","31-OCT-13","","DIAPA F&HC TFI FY1213","Confirmed","9999.9999996","9999.9999996","9982.000002","30715013","FY 01-JUL-13-30-JUN-14","30-NOV-13","06338"," ","1-9T2B0A","1-9T2B6G","10000","Estimated Variable Cost",
"Honduras","2000399690","CODIS/SURTIDORA - CACM","1000013890","Oral Care","Bonificación pague 5 lleve 6 cepillos OralB detalle sep13","01-OCT-13","31-DEC-13","","CODIS/SISA ORALB OND13","Confirmed","530.4347775","530.4347775","476.7282591","30755017","FY 01-JUL-13-30-JUN-14","30-NOV-13","06338"," ","1-9W1LJY","1-9W1LPU","800","Estimated Variable Cost",
"Honduras","2000399691","DIAPA - CACM","1000013904","Fabric & Home Care","Bonificación F&HC HFS/WHS nov13","01-OCT-13","31-DEC-13","","DIAPA F&HC OND13","Confirmed","2652.1739103","2652.1739103","0","30755017","FY 01-JUL-13-30-JUN-14","30-NOV-13","06338"," ","1-9WRNTD","1-9WRO6Y","4000","Estimated Variable Cost",
"Honduras","2000399691","DIAPA - CACM","1000019511","Female Hair Care","HC Sep kbd2 Diapa MR TFI","01-SEP-13","31-DEC-13","","DIAPA HAIRCARE TFI SEP13","Confirmed","55196.7213252","55196.7213252","29789.8196877","30755013","FY 01-JUL-13-30-JUN-14","30-NOV-13","06338"," ","1-9T29O9","1-9T2AR9","74000","Estimated Variable Cost",
"Honduras","2000399690","CODIS/SURTIDORA - CACM","1000013904","Fabric & Home Care","Visibilidad F&HC mayoreo/detalle OND13","01-OCT-13","31-DEC-13","","CODIS/SISA F&HC OND13","Confirmed","1193.4782664","1193.4782664","0","30755017","FY 01-JUL-13-30-JUN-14","30-NOV-13","06338"," ","1-9W0YH4","1-9W0YH7","1800","Estimated Variable Cost",
"Honduras","9900000003","PROCONSUMO - CAMDO","1000013890","Oral Care","EDLP Walmart/ Discounts Oral Care SM Antorchas, La Colonia e Indep dic13","01-OCT-13","31-DEC-13","","PROCONSUMO ORALB OND13","Confirmed","2652.1739133","2652.1739133","0","30715017","FY 01-JUL-13-30-JUN-14","30-NOV-13","06338"," ","1-9W1OKG","1-9W1OQB","4000","Estimated Variable Cost",
"Honduras","9900000003","PROCONSUMO - CAMDO","1104368046","Duracell Rechargeable Charger","Bonificaciones, concurso de venta y visibilidad HFS batteries  OND13","01-OCT-13","31-DEC-13","","PROCONSUMO BATTERIES OND13","Confirmed","22.5716929","22.5716929","0","30755017","FY 01-JUL-13-30-JUN-14","30-NOV-13","06338"," ","1-9W1LPX","1-9W1LQ2","1600","Estimated Variable Cost",
"Honduras","9900000003","PROCONSUMO - CAMDO","1000013906","Beauty Care","Bonificaciones Gillette deos mayoreo y detalle OND13","01-OCT-13","31-DEC-13","","PROCONSUMO BEAUTYCARE OND13","Confirmed","1657.608707","1657.608707","0","30755017","FY 01-JUL-13-30-JUN-14","30-NOV-13","06338"," ","1-9W1LTP","1-9W1LTT","2500","Estimated Variable Cost",
"Honduras","2000399690","CODIS/SURTIDORA - CACM","1000013906","Beauty Care","Bonificación PCC y APDOS WHS/detalle ago13","01-JUL-13","30-SEP-13","","CODIS/SISA BEAUTYCARE JAS13","Confirmed","1799.9999971","1799.9999971","565.0000119","30755017","FY 01-JUL-13-30-JUN-14","30-NOV-13","06338"," ","1-9NKTZW","1-9NKPRJ","1800","Estimated Variable Cost",
"Honduras","2000399691","DIAPA - CACM","1000013904","Fabric & Home Care","EDLP Walmart y descuentos F&HC en SM ago13","01-JUL-13","30-SEP-13","","DIAPA F&HC JAS13 (1)","Confirmed","4940.0000052","3999.9999936","4940.0000052","30715017","FY 01-JUL-13-30-JUN-14","30-NOV-13","06338"," ","1-9NL7NE","1-9NL7TB","4000","Estimated Variable Cost",
"Honduras","2000399691","DIAPA - CACM","1000019511","Female Hair Care","EDLP Walmart y descuentos Haircare SM La Colonia, Antorcha y SM indep nov13","01-OCT-13","31-DEC-13","","DIAPA HAIRCARE OND13 (1)","Confirmed","3978.2608658","3978.2608658","0","30715017","FY 01-JUL-13-30-JUN-14","30-NOV-13","06338"," ","1-9WTIU8","1-9WTJ8D","6000","Estimated Variable Cost",
"Honduras","2000399690","CODIS/SURTIDORA - CACM","1000019511","Female Hair Care","Escalas WHS Haircare sept/oct13","01-OCT-13","31-DEC-13","","CODIS/SISA HAIRCARE OND13","Confirmed","1989.1304475","1989.1304475","0","30755017","FY 01-JUL-13-30-JUN-14","30-NOV-13","06338"," ","1-9W0YVQ","1-9W1LG9","3000","Estimated Variable Cost",
"Honduras","2000399690","CODIS/SURTIDORA - CACM","1000013898","Personal Health Care","Respi 1st Semester Nov kbd1 TFI","01-NOV-13","31-MAR-14","","CODIS/SISA HEALTH TFI NOV13","Confirmed","347.68212","347.68212","0","30715013","FY 01-JUL-13-30-JUN-14","30-NOV-13","06338"," ","1-A17VL2","1-A17VNG","1750","Estimated Variable Cost",
"Honduras","2000399691","DIAPA - CACM","1000013906","Beauty Care","Visibilidad Beautycare MR La Colonia, Antorchas e indep sep13","01-JUL-13","30-SEP-13","","DIAPA BEAUTYCARE JAS13 (2)","Confirmed","2042.9999952","1499.9999904","2042.9999952","30755017","FY 01-JUL-13-30-JUN-14","30-NOV-13","06338"," ","1-9NL6AY","1-9NL6PD","1500","Estimated Variable Cost",
"Honduras","2000399691","DIAPA - CACM","1000013904","Fabric & Home Care","Sustain Objectives BBAM F&HC KBD2 MR TFI","01-SEP-13","31-DEC-13","","DIAPA F&HC TFI SEP13","Confirmed","57434.4262284","57434.4262284","31778.3934468","30755013","FY 01-JUL-13-30-JUN-14","30-NOV-13","06338"," ","1-9T2ATZ","1-9T2B08","77000","Estimated Variable Cost",
"Honduras","2000399691","DIAPA - CACM","1000019511","Female Hair Care","Concurso de venta Haircare WHS/HFS OND13","01-OCT-13","31-DEC-13","","DIAPA HAIRCARE OND13 (2)","Confirmed","2652.1739226","2652.1739226","0","30755017","FY 01-JUL-13-30-JUN-14","30-NOV-13","06338"," ","1-9WTJB8","1-9WTJGL","4000","Estimated Variable Cost",
"Honduras","2000399690","CODIS/SURTIDORA - CACM","1000013898","Personal Health Care","Respi 1st Semester Nov kbd2 TFI","01-NOV-13","31-MAR-14","","CODIS/SISA HEALTH TFI NOV13","Confirmed","9717.218544","9717.218544","0","30755013","FY 01-JUL-13-30-JUN-14","30-NOV-13","06338"," ","1-A17VL2","1-A17VNL","48910","Estimated Variable Cost",
"Honduras","2000399690","CODIS/SURTIDORA - CACM","1000013890","Oral Care","Bonificación OralB WHS/detalle y concurso de venta OND13","01-OCT-13","31-DEC-13","","CODIS/SISA ORALB OND13","Confirmed","1989.1304382","1989.1304382","0","30755017","FY 01-JUL-13-30-JUN-14","30-NOV-13","06338"," ","1-9W1LJY","1-9W1LK0","3000","Estimated Variable Cost",
"Honduras","9900000003","PROCONSUMO - CAMDO","1000013901","Oral Care","Afrodita OC Proconsumo MR TFI","01-NOV-13","31-MAR-14","","PROCONSUMO ORALCARE TFI NOV13","Confirmed","9139.0728448","9139.0728448","0","30755013","FY 01-JUL-13-30-JUN-14","30-NOV-13","06338"," ","1-A17VG1","1-A17VKZ","46000","Estimated Variable Cost",
"Honduras","2000399691","DIAPA - CACM","1000013904","Fabric & Home Care","Bonificaciones/Bundles F&HC mayoreo/detalle sep13","01-JUL-13","30-SEP-13","","DIAPA F&HC JAS13 (6)","Confirmed","6029.0000004","5000.0000076","6029.0000004","30755017","FY 01-JUL-13-30-JUN-14","30-NOV-13","06338"," ","1-9NL8LJ","1-9NL8LM","5000","Estimated Variable Cost",
"Honduras","9900000003","PROCONSUMO - CAMDO","1103200315","Duracell Primary Major Cells","Bonificaciones, concurso de venta y visibilidad HFS batteries  JAS13","01-JUL-13","30-SEP-13","","PROCONSUMO BATTERIES JAS13","Confirmed","750.1914899","709.5744674","750.1914899","30755017","FY 01-JUL-13-30-JUN-14","30-NOV-13","06338"," ","1-9NL2I1","1-9NL2K2","1450","Estimated Variable Cost",
"Honduras","2000399691","DIAPA - CACM","1000013906","Beauty Care","EDLP Walmart y descuentos Beauty care en SM Jul13","01-JUL-13","30-SEP-13","","DIAPA BEAUTYCARE JAS13 (1)","Confirmed","5246.9999909","1499.9999904","5246.9999909","30715017","FY 01-JUL-13-30-JUN-14","30-NOV-13","06338"," ","1-9NL5XF","1-9NL6AR","1500","Estimated Variable Cost",
"Honduras","9900000003","PROCONSUMO - CAMDO","1000013890","Oral Care","EDLP Walmart/ Discounts Oral Care SM Antorchas, La Colonia e Indep ago13","01-JUL-13","30-SEP-13","","PROCONSUMO ORALB JAS13 (2)","Confirmed","3500","3500","0","30715017","FY 01-JUL-13-30-JUN-14","30-NOV-13","06338"," ","1-9NL210","1-9NL212","3500","Estimated Variable Cost",
"Honduras","2000399691","DIAPA - CACM","1101710716","Grooming","Bonificaciones PBUG/Perma/PB3 WHS-detalle nov13","01-OCT-13","31-DEC-13","","DIAPA GROOMING OND13","Confirmed","1326.0869504","1326.0869504","0","30755017","FY 01-JUL-13-30-JUN-14","30-NOV-13","06338"," ","1-9WRO70","1-9WRO72","2000","Estimated Variable Cost",
"Honduras","2000399691","DIAPA - CACM","1000013906","Beauty Care","EDLP Walmart y descuentos Beauty care en SM ago13","01-JUL-13","30-SEP-13","","DIAPA BEAUTYCARE JAS13 (1)","Confirmed","2353.0000208","1499.9999904","2353.0000208","30715017","FY 01-JUL-13-30-JUN-14","30-NOV-13","06338"," ","1-9NL5XF","1-9NL6AU","1500","Estimated Variable Cost",
"Honduras","2000399691","DIAPA - CACM","1000013904","Fabric & Home Care","Sustain Objectives BBAM F&HC HFS TFI","01-SEP-13","31-DEC-13","","DIAPA F&HC TFI SEP13","Confirmed","3729.5081928","3729.5081928","0","30755013","FY 01-JUL-13-30-JUN-14","30-NOV-13","06338"," ","1-9T2ATZ","1-9T2B05","5000","Estimated Variable Cost",
"Honduras","2000399691","DIAPA - CACM","1000019511","Female Hair Care","Plan Push WHS Haircare JAS13 (3)","01-JUL-13","30-SEP-13","","DIAPA HAIRCARE JAS13 (10)","Confirmed","9000.0000132","9000.0000132","5475.0000032","30755017","FY 01-JUL-13-30-JUN-14","30-NOV-13","06338"," ","1-9NLBLF","1-9NLBLH","9000","Estimated Variable Cost",
"Honduras","2000399691","DIAPA - CACM","1000019511","Female Hair Care","WM Feria de la Belleza Diapa MR KBD1 TFI","01-NOV-13","31-DEC-13","","DIAPA HAIRCARE NOV13","Confirmed","196.7213034","196.7213034","0","30715013","FY 01-JUL-13-30-JUN-14","30-NOV-13","06338"," ","1-A17VVE","1-A17YI7","400","Estimated Variable Cost",
"Honduras","9900000003","PROCONSUMO - CAMDO","1000013890","Oral Care","EDLP Walmart/ Discounts Oral Care SM Antorchas, La Colonia e Indep sep13","01-JUL-13","30-SEP-13","","PROCONSUMO ORALB JAS13 (3)","Confirmed","7213","3500","7213","30715017","FY 01-JUL-13-30-JUN-14","30-NOV-13","06338"," ","1-9NL26N","1-9NL26P","3500","Estimated Variable Cost",
"Honduras","2000399690","CODIS/SURTIDORA - CACM","1101710716","Grooming","Bonificación PBUG/ Perma /PB3 y concurso de venta WHS-detalle ago13","01-JUL-13","30-SEP-13","","CODIS/SISA GROOMING JAS13 (2)","Confirmed","7500","7500","336","30755017","FY 01-JUL-13-30-JUN-14","30-NOV-13","06338"," ","1-9NKPWX","1-9NKPWZ","7500","Estimated Variable Cost",
"Honduras","2000399690","CODIS/SURTIDORA - CACM","1101710716","Grooming","Bonificación PBUG/ Perma /PB3 y concurso de venta WHS-detalle sep13","01-JUL-13","30-SEP-13","","CODIS/SISA GROOMING JAS13 (3)","Confirmed","7500","7500","500.000004","30755017","FY 01-JUL-13-30-JUN-14","30-NOV-13","06338"," ","1-9NKZCE","1-9NKZCG","7500","Estimated Variable Cost",
"Honduras","2000399691","DIAPA - CACM","1000043711","Baby Care","EDLP Walmart y descuentos Pampers en SM JAS13","01-JUL-13","30-SEP-13","","DIAPA BABYCARE JAS13","Confirmed","2000.0000023","2000.0000023","2000.0000023","30715017","FY 01-JUL-13-30-JUN-14","30-NOV-13","06338"," ","1-9NL5UP","1-9NL5X8","2000","Estimated Variable Cost",
"Honduras","2000399691","DIAPA - CACM","1000013904","Fabric & Home Care","EDLP Walmart y descuentos F&HC SM La Colonia, Antorcha, Colonial y SM indep oct13","01-OCT-13","31-DEC-13","","DIAPA F&HC OND13","Confirmed","2652.1739103","2652.1739103","0","30715017","FY 01-JUL-13-30-JUN-14","30-NOV-13","06338"," ","1-9WRNTD","1-9WRNTF","4000","Estimated Variable Cost",
"Honduras","9900000003","PROCONSUMO - CAMDO","1101710716","Grooming","Incentivo FDV y bonificaciones PBUG/Perma y PB3 Grooming HFS/WHS dic13","01-OCT-13","31-DEC-13","","PROCONSUMO GROOMING OND13 (2)","Confirmed","3315.2173952","3315.2173952","0","30755017","FY 01-JUL-13-30-JUN-14","30-NOV-13","06338"," ","1-9W0XHG","1-9W0XHO","5000","Estimated Variable Cost",
"Honduras","9900000003","PROCONSUMO - CAMDO","1000013906","Beauty Care","Bonificaciones mayoreo y detalle Beauty care JAS13","01-JUL-13","30-SEP-13","","PROCONSUMO BEAUTYCARE JAS13","Confirmed","2686.0000166","1999.9999872","2686.0000166","30755017","FY 01-JUL-13-30-JUN-14","30-NOV-13","06338"," ","1-9NL5GY","1-9NL5UE","2000","Estimated Variable Cost",
"Honduras","2000399690","CODIS/SURTIDORA - CACM","1000019511","Female Hair Care","Concurso de venta WHS/HFS Haircare OND13","01-OCT-13","31-DEC-13","","CODIS/SISA HAIRCARE OND13","Confirmed","1989.1304475","1989.1304475","0","30755017","FY 01-JUL-13-30-JUN-14","30-NOV-13","06338"," ","1-9W0YVQ","1-9W0YVS","3000","Estimated Variable Cost",
"Honduras","2000399691","DIAPA - CACM","1000043711","Baby Care","Baby Sep Kbd1 TFI","01-SEP-13","31-DEC-13","","DIAPA BABYCARE TFI SEP13","Confirmed","2237.7049175","2237.7049175","2131.7868873","30715017","FY 01-JUL-13-30-JUN-14","30-NOV-13","06338"," ","1-9T2ARC","1-9T2ATU","3000","Estimated Variable Cost",
"Honduras","2000399691","DIAPA - CACM","1000013904","Fabric & Home Care","Visibilidad F&HC SM La Colonia, Antorcha e SM indep dic13","01-OCT-13","31-DEC-13","","DIAPA F&HC OND13","Confirmed","1326.0869635","1326.0869635","0","30755017","FY 01-JUL-13-30-JUN-14","30-NOV-13","06338"," ","1-9WRNTD","1-9WRO2Q","2000","Estimated Variable Cost",
"Honduras","9900000003","PROCONSUMO - CAMDO","1000013890","Oral Care","EDLP Walmart/ Discounts Oral Care SM Antorchas, La Colonia e Indep oct13","01-OCT-13","31-DEC-13","","PROCONSUMO ORALB OND13","Confirmed","2652.1739133","2652.1739133","0","30715017","FY 01-JUL-13-30-JUN-14","30-NOV-13","06338"," ","1-9W1OKG","1-9W1OKI","4000","Estimated Variable Cost",
"Honduras","2000399691","DIAPA - CACM","1101710716","Grooming","Bonificaciones PBUG/Perma/PB3 WHS-detalle ago13","01-JUL-13","30-SEP-13","","DIAPA GROOMING JAS13 (1)","Confirmed","4200","4200","573.999996","30755017","FY 01-JUL-13-30-JUN-14","30-NOV-13","06338"," ","1-9NL7BL","1-9NL7GS","4200","Estimated Variable Cost",
"Honduras","2000399691","DIAPA - CACM","1000013904","Fabric & Home Care","Bonificaciones/Bundles F&HC mayoreo/detalle Jul13","01-JUL-13","30-SEP-13","","DIAPA F&HC JAS13 (4)","Confirmed","5000.0000076","5000.0000076","4894.9999956","30755017","FY 01-JUL-13-30-JUN-14","30-NOV-13","06338"," ","1-9NL87N","1-9NL87R","5000","Estimated Variable Cost",
"Honduras","2000399691","DIAPA - CACM","1000043711","Baby Care","Visibilidad Pampers MR La Colonia, Antorchas, Del Corral e indep JAS13","01-JUL-13","30-SEP-13","","DIAPA BABYCARE JAS13","Confirmed","1500.0000004","1500.0000004","624.9999984","30755017","FY 01-JUL-13-30-JUN-14","30-NOV-13","06338"," ","1-9NL5UP","1-9NL5XD","1500","Estimated Variable Cost",
"Honduras","9900000003","PROCONSUMO - CAMDO","1000013890","Oral Care","EDLP Walmart/ Discounts Oral Care SM Antorchas, La Colonia e Indep nov13","01-OCT-13","31-DEC-13","","PROCONSUMO ORALB OND13","Confirmed","2652.1739133","2652.1739133","0","30715017","FY 01-JUL-13-30-JUN-14","30-NOV-13","06338"," ","1-9W1OKG","1-9W1OQA","4000","Estimated Variable Cost",
"Honduras","2000399691","DIAPA - CACM","1000019511","Female Hair Care","Dinamica Comercial Haircare MR La Colonia, Antorchas e indep jul13","01-JUL-13","30-SEP-13","","DIAPA HAIRCARE JAS13 (4)","Confirmed","7310.9999858","6499.9999988","7310.9999858","30755017","FY 01-JUL-13-30-JUN-14","30-NOV-13","06338"," ","1-9NL9PN","1-9NL9PP","6500","Estimated Variable Cost",
"Honduras","2000399690","CODIS/SURTIDORA - CACM","1000013904","Fabric & Home Care","Laundry Activities FY1213 Codis TFI","01-SEP-13","31-OCT-13","","CODIS/SISA F&HC TFI FY1213","Confirmed","42499.9999944","42499.9999944","42373.9999956","30755013","FY 01-JUL-13-30-JUN-14","30-NOV-13","06338"," ","1-9T299Z","1-9T29G4","42500","Estimated Variable Cost",
"Honduras","2000399690","CODIS/SURTIDORA - CACM","1000013898","Personal Health Care","Respi support 1st Semester kbd1 TFI","01-SEP-13","31-DEC-13","","CODIS/SISA HEALTH TFI SEP13","Confirmed","1305.3278679","1305.3278679","311.7868845","30715013","FY 01-JUL-13-30-JUN-14","30-NOV-13","06338"," ","1-9T23Y0","1-9T240M","1750","Estimated Variable Cost",
"Honduras","9900000003","PROCONSUMO - CAMDO","1101710716","Grooming","Incentivo FDV y bonificaciones PBUG/Perma y PB3 Grooming HFS/WHS oct13","01-OCT-13","31-DEC-13","","PROCONSUMO GROOMING OND13 (2)","Confirmed","3315.2173952","3315.2173952","1657.6086912","30755017","FY 01-JUL-13-30-JUN-14","30-NOV-13","06338"," ","1-9W0XHG","1-9W0XHM","5000","Estimated Variable Cost",
"Honduras","2000399691","DIAPA - CACM","1000019511","Female Hair Care","EDLP Walmart y descuentos Haircare MR Jul13","01-JUL-13","30-SEP-13","","DIAPA HAIRCARE JAS13 (1)","Confirmed","6999.9999888","6999.9999888","6991.9999954","30715017","FY 01-JUL-13-30-JUN-14","30-NOV-13","06338"," ","1-9NL8T8","1-9NL93C","7000","Estimated Variable Cost",
"Honduras","2000399691","DIAPA - CACM","1000013906","Beauty Care","EDLP Walmart y descuentos Beauty care en SM oct13","01-OCT-13","31-DEC-13","","DIAPA BEAUTYCARE OND13","Confirmed","1723.9130628","1723.9130628","0","30715017","FY 01-JUL-13-30-JUN-14","30-NOV-13","06338"," ","1-9WKQSL","1-9WKQSN","2600","Estimated Variable Cost",
"Honduras","2000399691","DIAPA - CACM","1102244153","Beauty Care","Personal Cleansing Kbd2 Diapa HFS TFI","01-SEP-13","31-DEC-13","","DIAPA BEAUTYCARE TFI SEP13","Confirmed","2909.0163937","2909.0163937","2909.0163937","30755013","FY 01-JUL-13-30-JUN-14","30-NOV-13","06338"," ","1-9T29M1","1-9T29O5","3900","Estimated Variable Cost",
"Honduras","2000399691","DIAPA - CACM","1000043711","Baby Care","Visibilidad Pampers MR La Colonia, Antorchas, Del Corral e indep OND13","01-OCT-13","31-DEC-13","","DIAPA BABYCARE OND13","Confirmed","994.5652184","994.5652184","0","30755017","FY 01-JUL-13-30-JUN-14","30-NOV-13","06338"," ","1-9WKQOK","1-9WKQON","1500","Estimated Variable Cost",
"Honduras","9900000003","PROCONSUMO - CAMDO","1000013890","Oral Care","Endcaps Oral Care SM Antorchas, La Colonia e  SM Indep dic13","01-OCT-13","31-DEC-13","","PROCONSUMO ORALB OND13","Confirmed","1193.4782655","1193.4782655","0","30755017","FY 01-JUL-13-30-JUN-14","30-NOV-13","06338"," ","1-9W1OKG","1-9W1OQM","1800","Estimated Variable Cost",
"Honduras","2000399691","DIAPA - CACM","1000019511","Female Hair Care","EDLP Walmart y descuentos Haircare MR sep13","01-JUL-13","30-SEP-13","","DIAPA HAIRCARE JAS13 (3)","Confirmed","6999.9999888","6999.9999888","4383.9999896","30715017","FY 01-JUL-13-30-JUN-14","30-NOV-13","06338"," ","1-9NL9EJ","1-9NL9EL","7000","Estimated Variable Cost",
"Honduras","2000399691","DIAPA - CACM","1000013904","Fabric & Home Care","Laundry Activities FY1213 Diapa KBD2 MR","01-SEP-13","31-OCT-13","","DIAPA F&HC TFI FY1213","Confirmed","42400.0000008","42400.0000008","42338.0000004","30755013","FY 01-JUL-13-30-JUN-14","30-NOV-13","06338"," ","1-9T2B0A","1-9T2B6T","42400","Estimated Variable Cost",
"Honduras","2000399691","DIAPA - CACM","1000013904","Fabric & Home Care","Visibilidad e incentivo FDV mayoreo/detalle ago13","01-JUL-13","30-SEP-13","","DIAPA F&HC JAS13 (5)","Confirmed","999.9999984","999.9999984","999.9999984","30755017","FY 01-JUL-13-30-JUN-14","30-NOV-13","06338"," ","1-9NL8EM","1-9NL8EO","1000","Estimated Variable Cost",
"Honduras","9900000003","PROCONSUMO - CAMDO","1103200341","Duracell Primary Major Cells All Forms","Complemento Dinamica Comercial SM LC, Antorchas y SM indep TGU/SPS batteries sep13","01-OCT-13","31-DEC-13","","PROCONSUMO BATTERIES OND13","Confirmed","550.9468093","438.0319157","550.9468093","30755017","FY 01-JUL-13-30-JUN-14","30-NOV-13","06338"," ","1-9W1LPX","1-9W1LTK","1350","Estimated Variable Cost",
"Honduras","9900000003","PROCONSUMO - CAMDO","1104368046","Duracell Rechargeable Charger","Visibilidad en supermercados batteries JAS13","01-JUL-13","30-SEP-13","","PROCONSUMO BATTERIES JAS13","Confirmed","51.0638298","51.0638298","43.4680851","30755017","FY 01-JUL-13-30-JUN-14","30-NOV-13","06338"," ","1-9NL2I1","1-9NL2JR","2400","Estimated Variable Cost",
"Honduras","9900000003","PROCONSUMO - CAMDO","1000013890","Oral Care","EDLP Walmart/ Discounts Oral Care SM Antorchas, La Colonia e Indep jul13","01-JUL-13","30-SEP-13","","PROCONSUMO ORALB JAS13 (1)","Confirmed","4814","3500","4814","30715017","FY 01-JUL-13-30-JUN-14","30-NOV-13","06338"," ","1-9NL1WB","1-9NL20X","3500","Estimated Variable Cost",
"Honduras","2000399691","DIAPA - CACM","1000019511","Female Hair Care","HC Sep kbd1 Diapa MR TFI","01-SEP-13","31-DEC-13","","DIAPA HAIRCARE TFI SEP13","Confirmed","4475.4098271","4475.4098271","4475.4098271","30715013","FY 01-JUL-13-30-JUN-14","30-NOV-13","06338"," ","1-9T29O9","1-9T2AQN","6000","Estimated Variable Cost",
"Honduras","9900000003","PROCONSUMO - CAMDO","1103200315","Duracell Primary Major Cells","Bat WM EDLP kbd1","01-OCT-13","31-DEC-13","","PROCONSUMO BATTERIES TFI OCT13","Confirmed","2320.6521738","2320.6521738","0","30715013","FY 01-JUL-13-30-JUN-14","30-NOV-13","06338"," ","1-9W2XE1","1-9W2XFT","3500","Estimated Variable Cost",
"Honduras","2000399690","CODIS/SURTIDORA - CACM","1102244153","Beauty Care","Personal Cleansing Kbd2 Codis TFI","01-SEP-13","31-DEC-13","","CODIS/SISA BEAUTYCARE TFI SEP13","Confirmed","5146.7213144","5146.7213144","0","30755013","FY 01-JUL-13-30-JUN-14","30-NOV-13","06338"," ","1-9T2412","1-9T2459","6900","Estimated Variable Cost",
"Honduras","9900000003","PROCONSUMO - CAMDO","1101710716","Grooming","Corporativo promocional, checkouts y visibilidad Grooming MR dic13","01-OCT-13","31-DEC-13","","PROCONSUMO GROOMING OND13 (1)","Confirmed","7625","7625","0","30755017","FY 01-JUL-13-30-JUN-14","30-NOV-13","06338"," ","1-9W1OQV","1-9W0XGM","11500","Estimated Variable Cost",
"Honduras","2000399691","DIAPA - CACM","1000013904","Fabric & Home Care","EDLP Walmart y descuentos F&HC en SM jul13","01-JUL-13","30-SEP-13","","DIAPA F&HC JAS13 (1)","Confirmed","10253.9999952","3999.9999936","10253.9999952","30715017","FY 01-JUL-13-30-JUN-14","30-NOV-13","06338"," ","1-9NL7NE","1-9NL7T9","4000","Estimated Variable Cost",
"Honduras","2000399691","DIAPA - CACM","1000013906","Beauty Care","Bonificacion 5+1, visibilidad y concurso de venta APDOS y PCC WHS-HFS nov13","01-OCT-13","31-DEC-13","","DIAPA BEAUTYCARE OND13","Confirmed","1856.521746","1856.521746","0","30755017","FY 01-JUL-13-30-JUN-14","30-NOV-13","06338"," ","1-9WKQSL","1-9WRNMI","2800","Estimated Variable Cost",
"Honduras","2000399691","DIAPA - CACM","1101710716","Grooming","Incentivo FDV Grooming WHS-detalle OND13","01-OCT-13","31-DEC-13","","DIAPA GROOMING OND13","Confirmed","1657.6086912","1657.6086912","0","30755017","FY 01-JUL-13-30-JUN-14","30-NOV-13","06338"," ","1-9WRO70","1-9WTIQO","2500","Estimated Variable Cost",
"Honduras","2000399691","DIAPA - CACM","1000013904","Fabric & Home Care","Laundry Activities FY1213 Diapa HFS","01-SEP-13","31-OCT-13","","DIAPA F&HC TFI FY1213","Confirmed","15800.0000028","15800.0000028","15795","30755013","FY 01-JUL-13-30-JUN-14","30-NOV-13","06338"," ","1-9T2B0A","1-9T2B6V","15800","Estimated Variable Cost",
"Honduras","9900000003","PROCONSUMO - CAMDO","1103200341","Duracell Primary Major Cells All Forms","Visibilidad en supermercados batteries JAS13","01-JUL-13","30-SEP-13","","PROCONSUMO BATTERIES JAS13","Confirmed","1174.4680854","1174.4680854","999.7659573","30755017","FY 01-JUL-13-30-JUN-14","30-NOV-13","06338"," ","1-9NL2I1","1-9NL2JR","2400","Estimated Variable Cost",
"Honduras","2000399690","CODIS/SURTIDORA - CACM","1000013898","Personal Health Care","Escalas x compra Health, bundles Vick y Pepto e incentivo FDV nov13","01-OCT-13","31-DEC-13","","CODIS/SISA HEALTH OND13","Confirmed","3315.2173908","3315.2173908","0","30755017","FY 01-JUL-13-30-JUN-14","30-NOV-13","06338"," ","1-9W1LGD","1-9W1LJT","5000","Estimated Variable Cost",
"Honduras","2000399691","DIAPA - CACM","1000019511","Female Hair Care","Moonbeam HC Diapa MR TFI","01-NOV-13","31-DEC-13","","DIAPA HAIRCARE NOV13","Confirmed","3639.3442776","3639.3442776","0","30755013","FY 01-JUL-13-30-JUN-14","30-NOV-13","06338"," ","1-A17VVE","1-A17YI4","7400","Estimated Variable Cost",
"Honduras","2000399691","DIAPA - CACM","1101710716","Grooming","Bonificaciones PBUG/Perma/PB3 WHS-detalle dic13","01-OCT-13","31-DEC-13","","DIAPA GROOMING OND13","Confirmed","1326.0869504","1326.0869504","0","30755017","FY 01-JUL-13-30-JUN-14","30-NOV-13","06338"," ","1-9WRO70","1-9WTIQI","2000","Estimated Variable Cost",
"Honduras","2000399691","DIAPA - CACM","1101710716","Grooming","Bonificaciones PBUG/Perma/PB3 WHS-detalle oct13","01-OCT-13","31-DEC-13","","DIAPA GROOMING OND13","Confirmed","1326.0869504","1326.0869504","0","30755017","FY 01-JUL-13-30-JUN-14","30-NOV-13","06338"," ","1-9WRO70","1-9WRO73","2000","Estimated Variable Cost",
"Honduras","9900000003","PROCONSUMO - CAMDO","1101710716","Grooming","Corporativo promocional, checkouts y visibilidad Grooming MR sep13","01-JUL-13","30-SEP-13","","PROCONSUMO GROOMING JAS13 (5)","Confirmed","8499.999996","8499.999996","0","30755017","FY 01-JUL-13-30-JUN-14","30-NOV-13","06338"," ","1-9NL4QD","1-9NL4QF","8500","Estimated Variable Cost",
"Honduras","9900000003","PROCONSUMO - CAMDO","1000013906","Beauty Care","EDLP WM / featuring Beauty care Supermercados JAS13","01-JUL-13","30-SEP-13","","PROCONSUMO BEAUTYCARE JAS13","Confirmed","1199.9999837","1199.9999837","628.0000146","30715017","FY 01-JUL-13-30-JUN-14","30-NOV-13","06338"," ","1-9NL5GY","1-9NL5UB","1200","Estimated Variable Cost",
"Honduras","9900000003","PROCONSUMO - CAMDO","1000013890","Oral Care","Sales Force Incentive y Corporate ND Plan Oral Care JAS13","01-JUL-13","30-SEP-13","","PROCONSUMO ORALB JAS13 (4)","Confirmed","1800","1800","1766","30755017","FY 01-JUL-13-30-JUN-14","30-NOV-13","06338"," ","1-9NL2C9","1-9NL2HZ","1800","Estimated Variable Cost",
"Honduras","2000399691","DIAPA - CACM","1000013904","Fabric & Home Care","EDLP Walmart y descuentos F&HC SM La Colonia, Antorcha, Colonial y SM indep dic13","01-OCT-13","31-DEC-13","","DIAPA F&HC OND13","Confirmed","2652.1739103","2652.1739103","0","30715017","FY 01-JUL-13-30-JUN-14","30-NOV-13","06338"," ","1-9WRNTD","1-9WRO2I","4000","Estimated Variable Cost",
"Honduras","9900000003","PROCONSUMO - CAMDO","1000013890","Oral Care","Endcaps Oral Care SM Antorchas, La Colonia e  SM Indep oct13","01-OCT-13","31-DEC-13","","PROCONSUMO ORALB OND13","Confirmed","1193.4782655","1193.4782655","0","30755017","FY 01-JUL-13-30-JUN-14","30-NOV-13","06338"," ","1-9W1OKG","1-9W1OQK","1800","Estimated Variable Cost",
"Honduras","2000399691","DIAPA - CACM","1000013906","Beauty Care","Bonificaciones PCC y APDOS WHS-detalle ago13","01-JUL-13","30-SEP-13","","DIAPA BEAUTYCARE JAS13 (3)","Confirmed","1600.000007","1600.000007","816.0000165","30755017","FY 01-JUL-13-30-JUN-14","30-NOV-13","06338"," ","1-9NL6PH","1-9NL73W","1600","Estimated Variable Cost",
"Honduras","9900000003","PROCONSUMO - CAMDO","1103200315","Duracell Primary Major Cells","Dinamica Comercial SM LC, Antorchas y SM indep TGU/SPS batteries OND13","01-OCT-13","31-DEC-13","","PROCONSUMO BATTERIES OND13","Confirmed","1297.8723406","1297.8723406","0","30755017","FY 01-JUL-13-30-JUN-14","30-NOV-13","06338"," ","1-9W1LPX","1-9W1LQ1","4000","Estimated Variable Cost",
"Honduras","2000399690","CODIS/SURTIDORA - CACM","1000013898","Personal Health Care","Respi support 1st Semester kbd2 TFI","01-SEP-13","31-DEC-13","","CODIS/SISA HEALTH TFI SEP13","Confirmed","33548.4180318","33548.4180318","6463.9836072","30755013","FY 01-JUL-13-30-JUN-14","30-NOV-13","06338"," ","1-9T23Y0","1-9T240P","44977","Estimated Variable Cost",
"Honduras","2000399690","CODIS/SURTIDORA - CACM","1000013904","Fabric & Home Care","Bonif cloro botella, escala cloro populino, Ariel/Fab + cloro mayoreo/detalle OND13 (2)","01-OCT-13","31-DEC-13","","CODIS/SISA F&HC OND13","Confirmed","3315.2173992","3315.2173992","0","30755017","FY 01-JUL-13-30-JUN-14","30-NOV-13","06338"," ","1-9W0YH4","1-9W0YOM","5000","Estimated Variable Cost",
"Honduras","2000399690","CODIS/SURTIDORA - CACM","1103200315","Duracell Primary Major Cells","Bonificaciones, concurso de venta Batteries Codis JAS13","01-JUL-13","30-SEP-13","","CODIS/SISA BATTERIES JAS13","Confirmed","900.0000004","900.0000004","476.0000006","30755017","FY 01-JUL-13-30-JUN-14","30-NOV-13","06338"," ","1-9NKSKV","1-9NKTZM","900","Estimated Variable Cost",
"Honduras","2000399691","DIAPA - CACM","1000019511","Female Hair Care","Dinamica Comercial Haircare SM La Colonia, Antorcha y SM indep nov13","01-OCT-13","31-DEC-13","","DIAPA HAIRCARE OND13 (1)","Confirmed","3646.73913","3646.73913","0","30755017","FY 01-JUL-13-30-JUN-14","30-NOV-13","06338"," ","1-9WTIU8","1-9WTJB3","5500","Estimated Variable Cost",
"Honduras","2000399691","DIAPA - CACM","1000019511","Female Hair Care","EDLP Walmart y descuentos Haircare SM La Colonia, Antorcha y SM indep dic13","01-OCT-13","31-DEC-13","","DIAPA HAIRCARE OND13 (1)","Confirmed","3978.2608658","3978.2608658","0","30715017","FY 01-JUL-13-30-JUN-14","30-NOV-13","06338"," ","1-9WTIU8","1-9WTJ8E","6000","Estimated Variable Cost",
"Honduras","2000399690","CODIS/SURTIDORA - CACM","1101710716","Grooming","Escalas PBUG/ Perma /PB3, visibilidad y concurso de venta WHS-detalle nov13","01-OCT-13","31-DEC-13","","CODIS/SISA GROOMING OND13","Confirmed","663.0434816","663.0434816","0","30755017","FY 01-JUL-13-30-JUN-14","30-NOV-13","06338"," ","1-9W0YOS","1-9W0YVB","1000","Estimated Variable Cost",
"Honduras","9900000003","PROCONSUMO - CAMDO","1000013890","Oral Care","Sales Force incentive y Corporate Plan Oral Care  HFS/WHS OND13","01-OCT-13","31-DEC-13","","PROCONSUMO ORALB OND13","Confirmed","1326.0869502","1326.0869502","0","30755017","FY 01-JUL-13-30-JUN-14","30-NOV-13","06338"," ","1-9W1OKG","1-9W1OQH","2000","Estimated Variable Cost",
"Honduras","9900000003","PROCONSUMO - CAMDO","1000013890","Oral Care","Endcaps Antorchas, La Colonia y SM Indep Oral Care sep13","01-JUL-13","30-SEP-13","","PROCONSUMO ORALB JAS13 (4)","Confirmed","2044","1400","2044","30755017","FY 01-JUL-13-30-JUN-14","30-NOV-13","06338"," ","1-9NL2C9","1-9NL2HX","1400","Estimated Variable Cost",
"Honduras","2000399691","DIAPA - CACM","1000013906","Beauty Care","EDLP Walmart y descuentos Beauty care en SM nov13","01-OCT-13","31-DEC-13","","DIAPA BEAUTYCARE OND13","Confirmed","1723.9130628","1723.9130628","0","30715017","FY 01-JUL-13-30-JUN-14","30-NOV-13","06338"," ","1-9WKQSL","1-9WKQSO","2600","Estimated Variable Cost",
"Honduras","2000399690","CODIS/SURTIDORA - CACM","1000013904","Fabric & Home Care","Concurso de ventas F&HC mayoreo/detalle OND13","01-OCT-13","31-DEC-13","","CODIS/SISA F&HC OND13","Confirmed","1989.1304328","1989.1304328","0","30755017","FY 01-JUL-13-30-JUN-14","30-NOV-13","06338"," ","1-9W0YH4","1-9W0YH6","3000","Estimated Variable Cost",
"Honduras","2000399691","DIAPA - CACM","1103200340","Duracell Primary Major Cells","Bonificaciones, concurso de venta y visibilidad Batteries OND13","01-OCT-13","31-DEC-13","","DIAPA BATTERIES OND13","Confirmed","331.52174","331.52174","0","30755017","FY 01-JUL-13-30-JUN-14","30-NOV-13","06338"," ","1-9WRNMM","1-9WRNOW","500","Estimated Variable Cost",
"Honduras","2000399691","DIAPA - CACM","1000043711","Baby Care","Baby Sep Kbd2 TFI","01-SEP-13","31-DEC-13","","DIAPA BABYCARE TFI SEP13","Confirmed","6713.1147525","6713.1147525","4582.0737713","30755013","FY 01-JUL-13-30-JUN-14","30-NOV-13","06338"," ","1-9T2ARC","1-9T2ATX","9000","Estimated Variable Cost",
"Honduras","9900000003","PROCONSUMO - CAMDO","1104368046","Duracell Rechargeable Charger","Dinamica Comercial SM LC, Antorchas y SM indep TGU/SPS batteries OND13","01-OCT-13","31-DEC-13","","PROCONSUMO BATTERIES OND13","Confirmed","56.4292322","56.4292322","0","30755017","FY 01-JUL-13-30-JUN-14","30-NOV-13","06338"," ","1-9W1LPX","1-9W1LQ1","4000","Estimated Variable Cost",
