"Ecuador","2001481834","INDUSTRIAS ALES C.A","1101710716","Grooming","JAS 13 MR GROOMING DISTR. Y VISIB.","21-AUG-13","30-SEP-13","","JAS 13 MR GROOMING DISTRI. Y VISIB.","Confirmed","98358.989999","85199.9999954","98358.989999","30755009","FY 01-JUL-13-30-JUN-14","30-NOV-13","06338"," ","1-9RUKRO","1-9RUKRQ","85200","Estimated Variable Cost",
"Ecuador","2001481834","INDUSTRIAS ALES C.A","1000019511","Female Hair Care"," JAS 13 MR HAIR CARE DISTRIBUCION Y VISIBILIDAD PT 3","21-AUG-13","30-SEP-13","","JAS 13 MR HAIR CARE DISTR. Y VISIB. PT3","Confirmed","85499.99997","85499.99997","79495.790022","30755009","FY 01-JUL-13-30-JUN-14","30-NOV-13","06338"," ","1-9RUFZU","1-9RUFZW","85500","Estimated Variable Cost",
"Ecuador","2001481834","INDUSTRIAS ALES C.A","1000013896","Fabric Care","JAS 13 MR FABRIC CARE CORP. CORAL","22-AUG-13","30-SEP-13","","JAS 13 MR FABRIC CARE CORP. CORAL","Confirmed","3749.9999978","3749.9999978","0","30755017","FY 01-JUL-13-30-JUN-14","30-NOV-13","06338"," ","1-9RV1UD","1-9RV1UF","3750","Estimated Variable Cost",
"Ecuador","2001481834","INDUSTRIAS ALES C.A","1000019511","Female Hair Care"," JAS 13 TFI PT2 MR HAIR CARE","05-SEP-13","30-SEP-13","","JAS 13- TFI PT2  MRHAIR CARE","Confirmed","84999.9999765","84999.9999765","75395.530017","30755013","FY 01-JUL-13-30-JUN-14","30-NOV-13","06338"," ","1-9T8U6D","1-9T8U6F","85000","Estimated Variable Cost",
"Ecuador","2001481834","INDUSTRIAS ALES C.A","1000013905","Health Care","OND 13 MR ORAL CARE  DISTR. Y VISIB. PT. 2","01-OCT-13","31-DEC-13","","OND 13 MR ORAL CARE DISTR. Y VISIB. PT 2","Confirmed","42434.7826062","42434.7826062","0","30755009","FY 01-JUL-13-30-JUN-14","30-NOV-13","06338"," ","1-9TON4P","1-9TON4R","64000","Estimated Variable Cost",
"Ecuador","2001481834","INDUSTRIAS ALES C.A","1103196434","Personal Power","JAS 13 MR BATTERIES DISTRIB.Y VISIB","22-AUG-13","30-SEP-13","","JAS 13 MR BATTERIES DISTR. Y VISIB.","Confirmed","43103.5700004","23499.9999988","43103.5700004","30755009","FY 01-JUL-13-30-JUN-14","30-NOV-13","06338"," ","1-9RUOL5","1-9RUOL7","23500","Estimated Variable Cost",
"Ecuador","2001481834","INDUSTRIAS ALES C.A","1000013896","Fabric Care","JAS 13 TF PT 2 MR FABRIC CARE","05-SEP-13","30-SEP-13","","JAS 13 - TFI PT 2  MR FABRIC CARE","Confirmed","47500.000002","47500.000002","0","30755013","FY 01-JUL-13-30-JUN-14","30-NOV-13","06338"," ","1-9T8EWM","1-9T8EWO","47500","Estimated Variable Cost",
"Ecuador","2001481834","INDUSTRIAS ALES C.A","1000013896","Fabric Care","JAS 13 TF PT 1 MR FABRIC CARE CORP. CORAL","05-SEP-13","30-SEP-13","","JAS 13 - TFI PT 1  MR FABRIC CARE","Confirmed","90000","90000","52234.86","30755013","FY 01-JUL-13-30-JUN-14","30-NOV-13","06338"," ","1-9T8ES0","1-9T8ES2","90000","Estimated Variable Cost",
"Ecuador","2001481834","INDUSTRIAS ALES C.A","1000019511","Female Hair Care"," JAS 13 MR HAIR CARE DISTRIBUCION Y VISIBILIDAD PT 2","21-AUG-13","30-SEP-13","","JAS 13 MR HAIR CARE DISTR. Y VISIB. PT2","Confirmed","87077.009976","85499.99997","87077.009976","30755009","FY 01-JUL-13-30-JUN-14","30-NOV-13","06338"," ","1-9RUFFE","1-9RUFFG","85500","Estimated Variable Cost",
"Ecuador","2001481834","INDUSTRIAS ALES C.A","1000013905","Health Care","JAS 13 MR ORAL CARE  DISTR. Y VISIB. PT. 1","21-AUG-13","30-SEP-13","","JAS 13 MR ORAL CARE DISTR. Y VISIB. PT1","Confirmed","63999.9999935","63999.9999935","36057.0100025","30755009","FY 01-JUL-13-30-JUN-14","30-NOV-13","06338"," ","1-9RUNZ6","1-9RUNZ8","64000","Estimated Variable Cost",
"Ecuador","2001481834","INDUSTRIAS ALES C.A","1000013905","Health Care","JAS 13 MR ORAL CARE  IMPULSO FYBECA","22-AUG-13","30-SEP-13","","JAS 13 MR ORAL CARE IMPULSO FYBECA","Confirmed","3899.9999965","3899.9999965","235.0000065","30755017","FY 01-JUL-13-30-JUN-14","30-NOV-13","06338"," ","1-9RUIU7","1-9RUIU9","3900","Estimated Variable Cost",
"Ecuador","2001481834","INDUSTRIAS ALES C.A","1000013906","Beauty Care","JAS 13 MR BEAUTY CARE PT.1","21-AUG-13","30-SEP-13","","JAS 13 MR BEAUTY CARE DISTR. Y VISIB. PT.1","Confirmed","65129.9999832","65129.9999832","40684.0200108","30755009","FY 01-JUL-13-30-JUN-14","30-NOV-13","06338"," ","1-9RUL77","1-9RUL79","65130","Estimated Variable Cost",
"Ecuador","2001481834","INDUSTRIAS ALES C.A","1101710716","Grooming","JAS 13 MR GROOMING  TOMA LOCALES MAGDA","22-AUG-13","30-SEP-13","","JAS 13 MR GROOMING TOMA LOCALES MAGDA","Confirmed","4850.0000048","4850.0000048","3999.9999944","30755017","FY 01-JUL-13-30-JUN-14","30-NOV-13","06338"," ","1-9RV1HI","1-9RV1HK","4850","Estimated Variable Cost",
"Ecuador","2001481834","INDUSTRIAS ALES C.A","1000019511","Female Hair Care"," JAS 13 MR HAIR CARE PUBLICACIONES","21-AUG-13","30-SEP-13","","JAS 13 MR HAIR CARE DISTR. Y VISIB. PT3","Confirmed","13669.7599997","8799.9999997","13669.7599997","30755017","FY 01-JUL-13-30-JUN-14","30-NOV-13","06338"," ","1-9RUGPJ","1-9RUGPL","8800","Estimated Variable Cost",
"Ecuador","2001481834","INDUSTRIAS ALES C.A","1101710716","Grooming","JAS 13 HFS GROOMING DISTR. Y VISIB.","22-AUG-13","30-SEP-13","","JAS 13 HFS GROOMING DISTRI. Y VISIB.","Confirmed","25000.0000016","25000.0000016","23803.5500032","30755009","FY 01-JUL-13-30-JUN-14","30-NOV-13","06338"," ","1-9RV3UA","1-9RV7SA","25000","Estimated Variable Cost",
"Ecuador","2001481834","INDUSTRIAS ALES C.A","1000019511","Female Hair Care"," JAS 13 MR HAIR CARE AKI","22-AUG-13","30-SEP-13","","JAS 13 MR HAIR CARE AKI","Confirmed","37499.9999997","37499.9999997","0","30755017","FY 01-JUL-13-30-JUN-14","30-NOV-13","06338"," ","1-9RUOS0","1-9RUOS2","37500","Estimated Variable Cost",
"Ecuador","2001481834","INDUSTRIAS ALES C.A","1000013905","Health Care","JAS 13 MR ORAL CARE  DISTR. Y VISIB. PT. 2","21-AUG-13","30-SEP-13","","JAS 13 MR ORAL CARE DISTR. Y VISIB. PT 2","Confirmed","63999.9999935","63999.9999935","60142.6200065","30755009","FY 01-JUL-13-30-JUN-14","30-NOV-13","06338"," ","1-9RUO5E","1-9RUO5G","64000","Estimated Variable Cost",
"Ecuador","2001481834","INDUSTRIAS ALES C.A","1000019511","Female Hair Care"," JAS 13 HFS HAIR CARE  DISTR. Y VISIB.","22-AUG-13","30-SEP-13","","JAS 13 HFS HAIR CARE DISTR. Y VISIB.","Confirmed","59999.999994","59999.999994","24200.000022","30755009","FY 01-JUL-13-30-JUN-14","30-NOV-13","06338"," ","1-9RV383","1-9RV385","60000","Estimated Variable Cost",
"Ecuador","2001481834","INDUSTRIAS ALES C.A","1000019511","Female Hair Care"," JAS 13 TFI KBD1 MR HAIR CARE","05-SEP-13","30-SEP-13","","JAS 13- TFI KBD1 MR HAIR CARE","Confirmed","19700.0000265","19700.0000265","19700.0000265","30715013","FY 01-JUL-13-30-JUN-14","30-NOV-13","06338"," ","1-9T8OF1","1-9T8OF3","19700","Estimated Variable Cost",
"Ecuador","2001481834","INDUSTRIAS ALES C.A","1000013906","Beauty Care","JAS 13 MR BEAUTY CARE PT.1","01-OCT-13","31-DEC-13","","JAS 13 MR BEAUTY CARE DISTR. Y VISIB. PT.1","Confirmed","43184.0217072","43184.0217072","6206.3985528","30755009","FY 01-JUL-13-30-JUN-14","30-NOV-13","06338"," ","1-9TOEY7","1-9TOEY9","65130","Estimated Variable Cost",
"Ecuador","2001481834","INDUSTRIAS ALES C.A","1000019511","Female Hair Care"," JAS 13 TFI PT3 MR HAIR CARE","05-SEP-13","30-SEP-13","","JAS 13- TFI PT3  MRHAIR CARE","Confirmed","85999.9999785","85999.9999785","0","30755013","FY 01-JUL-13-30-JUN-14","30-NOV-13","06338"," ","1-9T8UQI","1-9T8UQU","86000","Estimated Variable Cost",
"Ecuador","2001481834","INDUSTRIAS ALES C.A","1000019511","Female Hair Care"," JAS 13 MR HAIR CARE DISTRIBUCION Y VISIBILIDAD PT 1","21-AUG-13","30-SEP-13","","JAS 13 MR HAIR CARE DISTR. Y VISIB. PT1","Confirmed","87362.029986","85499.99997","87362.029986","30755009","FY 01-JUL-13-30-JUN-14","30-NOV-13","06338"," ","1-9RU4SX","1-9RU4SZ","85500","Estimated Variable Cost",
"Ecuador","2001481834","INDUSTRIAS ALES C.A","1103196434","Personal Power","JAS 13 TFI MR BATTERIES","05-SEP-13","30-SEP-13","","JAS 13 -TFI  MR BATTERIES","Confirmed","30999.9999998","30999.9999998","0","30755013","FY 01-JUL-13-30-JUN-14","30-NOV-13","06338"," ","1-9T8EKR","1-9T8EKT","31000","Estimated Variable Cost",
"Ecuador","2001481834","INDUSTRIAS ALES C.A","1000019511","Female Hair Care"," OND13 MR HAIR CARE DISTRIBUCION Y VISIBILIDAD PT 1","01-OCT-13","31-DEC-13","","OND 13 MR HAIR CARE DISTR. Y VISIB. PT1","Confirmed","56358.6956526","56358.6956526","24864.1304142","30755009","FY 01-JUL-13-30-JUN-14","30-NOV-13","06338"," ","1-9TONAU","1-9TONAW","85000","Estimated Variable Cost",
"Ecuador","2001481834","INDUSTRIAS ALES C.A","1101710716","Grooming","JAS 13 MR GROOMING  PUBLICIDAD","21-AUG-13","30-SEP-13","","JAS 13 MR GROOMING PUBLICACION","Confirmed","2014.2900036","1200.0000032","2014.2900036","30755017","FY 01-JUL-13-30-JUN-14","30-NOV-13","06338"," ","1-9RUL0W","1-9RUL0Y","1200","Estimated Variable Cost",
"Ecuador","2001481834","INDUSTRIAS ALES C.A","1000013905","Health Care","JAS 13 MR ORAL CARE  PUBLICACION","21-AUG-13","30-SEP-13","","JAS 13 MR ORAL CARE PUBLICACION","Confirmed","4507.6099975","3700.000003","4507.6099975","30755017","FY 01-JUL-13-30-JUN-14","30-NOV-13","06338"," ","1-9RUOBE","1-9RUOBG","3700","Estimated Variable Cost",
"Ecuador","2001481834","INDUSTRIAS ALES C.A","1000019511","Female Hair Care","OND 13 MR HAIR CARE DISTRIBUCION Y VISIBILIDAD PT 3","01-OCT-13","31-DEC-13","","OND 13 MR HAIR CARE DISTR. Y VISIB. PT3","Confirmed","56690.2173906","56690.2173906","0","30755009","FY 01-JUL-13-30-JUN-14","30-NOV-13","06338"," ","1-9TORIK","1-9TORIM","85500","Estimated Variable Cost",
"Ecuador","2001481834","INDUSTRIAS ALES C.A","1000013906","Beauty Care","JAS 13 MR BEAUTY CARE PT.2","21-AUG-13","30-SEP-13","","JAS 13 MR BEAUTY CARE DISTR. Y VISIB. PT.2","Confirmed","59999.9999916","59999.9999916","173.1099648","30755009","FY 01-JUL-13-30-JUN-14","30-NOV-13","06338"," ","1-9RUMR0","1-9RUMR2","60000","Estimated Variable Cost",
"Ecuador","2001481834","INDUSTRIAS ALES C.A","1000019511","Female Hair Care"," JAS 13 MR HAIR CARE TOMA LOCALES MAGDA","22-AUG-13","30-SEP-13","","JAS 13 MR HAIR CARE TOMA LOCALES MAGDA","Confirmed","9729.999972","9729.999972","7291.090026","30755017","FY 01-JUL-13-30-JUN-14","30-NOV-13","06338"," ","1-9RUJ0U","1-9RUJ1Q","9730","Estimated Variable Cost",
"Ecuador","2001481834","INDUSTRIAS ALES C.A","1000019511","Female Hair Care","OND 13 MR HAIR CARE DISTRIBUCION Y VISIBILIDAD PT 2","01-OCT-13","31-DEC-13","","OMD 13 MR HAIR CARE DISTR. Y VISIB. PT2","Confirmed","57021.7391286","57021.7391286","0","30755009","FY 01-JUL-13-30-JUN-14","30-NOV-13","06338"," ","1-9TOQY9","1-9TOQYB","86000","Estimated Variable Cost",
"Ecuador","2001481834","INDUSTRIAS ALES C.A","1000013906","Beauty Care","JAS 13 MR BEAUTY CARE PUBLIC.","21-AUG-13","30-SEP-13","","JAS 13 MR BEAUTY CARE PUBLICACION","Confirmed","400.0000344","400.0000344","0","30755017","FY 01-JUL-13-30-JUN-14","30-NOV-13","06338"," ","1-9RUND3","1-9RUND5","400","Estimated Variable Cost",
"Ecuador","2001481834","INDUSTRIAS ALES C.A","1000019511","Female Hair Care"," JAS 13 MR HAIR CARE FARMATODO","22-AUG-13","30-SEP-13","","JAS 13 MR HAIR CARE FARMATODO","Confirmed","6215.000022","6215.000022","2740.000032","30755017","FY 01-JUL-13-30-JUN-14","30-NOV-13","06338"," ","1-9RULHH","1-9RULHJ","6215","Estimated Variable Cost",
"Ecuador","2001481834","INDUSTRIAS ALES C.A","1000013905","Health Care","JAS 13 MR ORAL CARE  CORP. CORAL","22-AUG-13","30-SEP-13","","JAS 13 MR ORAL CARE CORP. CORAL","Confirmed","2499.9999985","2499.9999985","0","30755017","FY 01-JUL-13-30-JUN-14","30-NOV-13","06338"," ","1-9RV1NT","1-9RV1NV","2500","Estimated Variable Cost",
"Ecuador","2001481834","INDUSTRIAS ALES C.A","1000013896","Fabric Care","JAS 13 MR FABRIC CARE TOMA LOCALES MAGDA","22-AUG-13","30-SEP-13","","JAS 13 MR FABRIC CARE TOMA LOCALES MAGDA","Confirmed","4849.9999987","4849.9999987","1942.7900004","30755009","FY 01-JUL-13-30-JUN-14","30-NOV-13","06338"," ","1-9RV1D1","1-9RV1D3","4850","Estimated Variable Cost",
"Ecuador","2001481834","INDUSTRIAS ALES C.A","1000013901","Oral Care","JAS 13 HFS ORAL CARE VISIB","22-AUG-13","30-SEP-13","","JAS 13 HFS ORAL CARE VISIB.","Confirmed","33398.380004","8999.9999975","33398.380004","30755009","FY 01-JUL-13-30-JUN-14","30-NOV-13","06338"," ","1-9RV7YU","1-9RV7YW","9000","Estimated Variable Cost",
"Ecuador","2001481834","INDUSTRIAS ALES C.A","1101710716","Grooming","JAS 13 TFI MR GROOMING","05-SEP-13","30-SEP-13","","JAS 13 - TFI  MR GROOMING  PT 2","Confirmed","8000.0000013","8000.0000013","0","30755013","FY 01-JUL-13-30-JUN-14","30-NOV-13","06338"," ","1-9T8F6N","1-9T8F6P","8000","Estimated Variable Cost",
"Ecuador","2001481834","INDUSTRIAS ALES C.A","1000013905","Health Care","OND 13 MR ORAL CARE  DISTR. Y VISIB. PT. 1","01-OCT-13","31-DEC-13","","OND 13 MR ORAL CARE DISTR. Y VISIB. PT1","Confirmed","42434.7826062","42434.7826062","0","30755009","FY 01-JUL-13-30-JUN-14","30-NOV-13","06338"," ","1-9TON2J","1-9TON2L","64000","Estimated Variable Cost",
"Ecuador","2001481834","INDUSTRIAS ALES C.A","1101710716","Grooming","JAS 13 TFI MR GROOMING","05-SEP-13","30-SEP-13","","JAS 13 - TFI  MR GROOMING  PT 1","Confirmed","95000.0000007","95000.0000007","4124.9999976","30755013","FY 01-JUL-13-30-JUN-14","30-NOV-13","06338"," ","1-9T8F0A","1-9T8F0C","95000","Estimated Variable Cost",
"Ecuador","2001481834","INDUSTRIAS ALES C.A","1000019511","Female Hair Care"," JAS 13 MR HAIR CARE CAMBIO DE LOOK PANTENE FYBECA","22-AUG-13","30-SEP-13","","JAS 13 MR HAIR CARE CAMBIO DE LOOK PANTENE FYBECA","Confirmed","8575.499988","8575.499988","6249.099978","30755017","FY 01-JUL-13-30-JUN-14","30-NOV-13","06338"," ","1-9RUOTZ","1-9RUOU1","8575.5","Estimated Variable Cost",
"Ecuador","2001481834","INDUSTRIAS ALES C.A","1000019511","Female Hair Care"," JAS 13 TFI PT1 MR HAIR CARE","05-SEP-13","30-SEP-13","","JAS 13- TFI PT1  MRHAIR CARE","Confirmed","85218.840027","84999.9999765","85218.840027","30755013","FY 01-JUL-13-30-JUN-14","30-NOV-13","06338"," ","1-9T8TM7","1-9T8TM9","85000","Estimated Variable Cost",
"Ecuador","2001481834","INDUSTRIAS ALES C.A","1101710716","Grooming","OND 13 MR GROOMING DISTR. Y VISIB.","01-OCT-13","31-DEC-13","","OND 13 MR GROOMING DISTR. Y VISIB.","Confirmed","56491.3043508","56491.3043508","0","30755009","FY 01-JUL-13-30-JUN-14","30-NOV-13","06338"," ","1-9TOS2W","1-9TOS2Y","85200","Estimated Variable Cost",
"Ecuador","2001481834","INDUSTRIAS ALES C.A","1000013896","Fabric Care","JAS 13 MR FABRIC CARE VISIBILIDAD Y SIMILARES EN AUTOSERVICIOS","22-AUG-13","30-SEP-13","","JAS 13 MR FABRIC CARE VISIB.","Confirmed","87250.0000029","87250.0000029","50417.1799975","30755009","FY 01-JUL-13-30-JUN-14","30-NOV-13","06338"," ","1-9RUOO3","1-9RUOO5","87250","Estimated Variable Cost",
