﻿Fund Transaction Type,Fund Name,Fund ID,Fund Class,Account,Account id,Account Group,Transaction ID,Transaction Date,Transcation Amount,Transaction Description,Adjustment Type,Fund Adj Originator T#,Transfer Type,Transfer From / To Account,Transfer From / To Account ID,Adjustments Comments,Fund Trans Originator T#,Transfer Last Updated By T#
"Adjustment","APDOs CARE MDA MR PROMO FY1314","1-9GYF4N","KBD1 TFI Fixed","SUPERMERCADOS PERUANOS","2001835938","Unknown Account Group","1-9YTMR9","15-OCT-2013",14011,"APDOs CARE MDA MR PROMO FY1314","","CM4608","","","","","",""
"Adjustment","GILLETTE CARE MDA MR PROMO FY1314","1-9GYF0H","KBD1 TFI Fixed","SUPERMERCADOS PERUANOS","2001835938","Unknown Account Group","1-9YSTD1","15-OCT-2013",23820,"GILLETTE CARE MDA MR PROMO FY1314","","CI3252","","","","","",""
"Adjustment","HAIR CARE MDA MR PROMO FY1314","1-9GZBWF","KBD1 TFI Fixed","SUPERMERCADOS PERUANOS","2001835938","Unknown Account Group","1-9YBQ91","10-OCT-2013",441270,"HAIR CARE MDA MR PROMO FY1314","","CO1541","","","","","",""
"Adjustment","HAIR CARE MDA MR PROMO FY1314","1-9GZBWF","KBD1 TFI Fixed","SUPERMERCADOS PERUANOS","2001835938","Unknown Account Group","1-A33EL9","28-NOV-2013",1086000,"HAIR CARE MDA MR PROMO FY1314","","CO1614","","","","","",""
"Adjustment","BATTERIES MDA MR PROMO FY 1314","1-9GYF6A","KBD1 TFI Fixed","SUPERMERCADOS PERUANOS","2001835938","Unknown Account Group","1-A6EEB7","07-JAN-2014",10400,"BATTERIES MDA MR PROMO FY 1314","","CM4608","","","","","",""
"Adjustment","HOME CARE MDA MR PROMO FY1314","1-9GYF2W","KBD1 TFI Fixed","SUPERMERCADOS PERUANOS","2001835938","Unknown Account Group","1-A6EGCF","08-JAN-2014",150000,"HOME CARE MDA MR PROMO FY1314","","CF2526","","","","","",""
"Adjustment","ORAL CARE MDA MR PROMO FY1314","1-9GZBX3","KBD1 TFI Fixed","SUPERMERCADOS PERUANOS","2001835938","Unknown Account Group","1-A6EGC9","08-JAN-2014",47900,"ORAL CARE MDA MR PROMO FY1314","","CF2526","","","","","",""
"Adjustment","ORAL CARE MDA MR PROMO FY1314","1-9GZBX3","KBD1 TFI Fixed","SUPERMERCADOS PERUANOS","2001835938","Unknown Account Group","1-9WGYPT","02-OCT-2013",47900,"ORAL CARE MDA MR PROMO FY1314","","CO1541","","","","","",""
"Adjustment","FABRIC CARE MDA MR PROMO FY1314","1-9GYEQO","KBD1 TFI Fixed","SUPERMERCADOS PERUANOS","2001835938","Unknown Account Group","1-9WGYOP","02-OCT-2013",1339500,"FABRIC CARE MDA MR PROMO FY1314","","CI3252","","","","","",""
"Adjustment","BATTERIES MDA MR PROMO FY 1314","1-9GYF6A","KBD1 TFI Fixed","SUPERMERCADOS PERUANOS","2001835938","Unknown Account Group","1-9WHBQO","02-OCT-2013",10400,"BATTERIES MDA MR PROMO FY 1314","","CF2526","","","","","",""
"Adjustment","HOME CARE MDA MR PROMO FY1314","1-9GYF2W","KBD1 TFI Fixed","SUPERMERCADOS PERUANOS","2001835938","Unknown Account Group","1-9WH93F","02-OCT-2013",53400,"HOME CARE MDA MR PROMO FY1314","","CJ5434","","","","","",""
"Adjustment","FEM CARE MDA MR PROMO FY1314","1-9H205G","KBD1 TFI Fixed","SUPERMERCADOS PERUANOS","2001835938","Unknown Account Group","1-9WR6BO","03-OCT-2013",10930,"FEM CARE MDA MR PROMO FY1314","","CJ5434","","","","","",""
"Adjustment","BABY CARE MDA MR PROMO FY1314","1-9GYF5F","KBD1 TFI Fixed","SUPERMERCADOS PERUANOS","2001835938","Unknown Account Group","1-9WKNQ7","03-OCT-2013",356450,"BABY CARE MDA MR PROMO FY1314","","CO1541","","","","","",""
"Adjustment","APDOs CARE MDA MR PROMO FY1314","1-9GYF4O","KBD1 TFI Fixed","GRUPO E. WONG - PERU","2001835941","Unknown Account Group","1-9YTMR5","15-OCT-2013",16814,"APDOs CARE MDA MR PROMO FY1314","","CM4608","","","","","",""
"Adjustment","GILLETTE CARE MDA MR PROMO FY1314","1-9GYF0I","KBD1 TFI Fixed","GRUPO E. WONG - PERU","2001835941","Unknown Account Group","1-9YSTCX","15-OCT-2013",30825,"GILLETTE CARE MDA MR PROMO FY1314","","CI3252","","","","","",""
"Adjustment","FABRIC CARE MDA MR PROMO FY1314","1-9GYEQP","KBD1 TFI Fixed","GRUPO E. WONG - PERU","2001835941","Unknown Account Group","1-9SHK8J","29-AUG-2013",39000,"FABRIC CARE MDA MR PROMO FY1314","","CJ5434","","","","","",""
"Adjustment","HAIR CARE MDA MR PROMO FY1314","1-9GZBWG","KBD1 TFI Fixed","GRUPO E. WONG - PERU","2001835941","Unknown Account Group","1-9YBQ8X","10-OCT-2013",469470,"HAIR CARE MDA MR PROMO FY1314","","CO1541","","","","","",""
"Adjustment","HAIR CARE MDA MR PROMO FY1314","1-9GZBWG","KBD1 TFI Fixed","GRUPO E. WONG - PERU","2001835941","Unknown Account Group","1-A33EL5","28-NOV-2013",1156000,"HAIR CARE MDA MR PROMO FY1314","","CO1614","","","","","",""
"Adjustment","BATTERIES MDA MR PROMO FY 1314","1-9GYF6B","KBD1 TFI Fixed","GRUPO E. WONG - PERU","2001835941","Unknown Account Group","1-A6EEB3","07-JAN-2014",19000,"BATTERIES MDA MR PROMO FY 1314","","CM4608","","","","","",""
"Adjustment","HOME CARE MDA MR PROMO FY1314","1-9GYF2X","KBD1 TFI Fixed","GRUPO E. WONG - PERU","2001835941","Unknown Account Group","1-A6EGCB","08-JAN-2014",70000,"HOME CARE MDA MR PROMO FY1314","","CF2526","","","","","",""
"Adjustment","ORAL CARE MDA MR PROMO FY1314","1-9GZBX4","KBD1 TFI Fixed","GRUPO E. WONG - PERU","2001835941","Unknown Account Group","1-A6EGC5","08-JAN-2014",63800,"ORAL CARE MDA MR PROMO FY1314","","CF2526","","","","","",""
"Adjustment","HOME CARE MDA MR PROMO FY1314","1-9GYF2X","KBD1 TFI Fixed","GRUPO E. WONG - PERU","2001835941","Unknown Account Group","1-9WH93B","02-OCT-2013",71200,"HOME CARE MDA MR PROMO FY1314","","CJ5434","","","","","",""
"Adjustment","ORAL CARE MDA MR PROMO FY1314","1-9GZBX4","KBD1 TFI Fixed","GRUPO E. WONG - PERU","2001835941","Unknown Account Group","1-9WGYPP","02-OCT-2013",63800,"ORAL CARE MDA MR PROMO FY1314","","CO1541","","","","","",""
"Adjustment","FABRIC CARE MDA MR PROMO FY1314","1-9GYEQP","KBD1 TFI Fixed","GRUPO E. WONG - PERU","2001835941","Unknown Account Group","1-9WGYOL","02-OCT-2013",1786000,"FABRIC CARE MDA MR PROMO FY1314","","CI3252","","","","","",""
"Adjustment","BATTERIES MDA MR PROMO FY 1314","1-9GYF6B","KBD1 TFI Fixed","GRUPO E. WONG - PERU","2001835941","Unknown Account Group","1-9WHBP6","02-OCT-2013",19000,"BATTERIES MDA MR PROMO FY 1314","","CF2526","","","","","",""
"Adjustment","FEM CARE MDA MR PROMO FY1314","1-9H205H","KBD1 TFI Fixed","GRUPO E. WONG - PERU","2001835941","Unknown Account Group","1-9WR6BA","03-OCT-2013",10930,"FEM CARE MDA MR PROMO FY1314","","CJ5434","","","","","",""
"Adjustment","BABY CARE MDA MR PROMO FY1314","1-9GYF5G","KBD1 TFI Fixed","GRUPO E. WONG - PERU","2001835941","Unknown Account Group","1-9WKNQ3","03-OCT-2013",445570,"BABY CARE MDA MR PROMO FY1314","","CO1541","","","","","",""
"Adjustment","Whls TP-KBD2b -1314","1-9CZCDW","KBD2","CORPORACION GOYITA","2001828040","Unknown Account Group","1-A27M1R","12-NOV-2013",-8074,"KBD2B Incorrect Sid >> KBD2B","","CJ5434","","","","","",""
"Adjustment","Whls TP-KBD1 RepFund-1314","1-9CYAF9","KBD1","CORPORACION GOYITA","2001828040","Unknown Account Group","1-A27M1P","12-NOV-2013",8074,"KBD1 Incorrect Sid >> KBD2B","","CJ5434","","","","","",""
"Adjustment","DPP HAIR CARE MDA MR PROMO FY1314","1-9T3F6G","KBD1 TFI Fixed","BOTICAS ARCANGEL - PERU","2001826651","Unknown Account Group","1-A3LV97","03-DEC-2013",9026,"DPP HAIR CARE MDA MR PROMO FY1314","","CO1614","","","","","",""
"Adjustment","DPP HAIR CARE MDA MR PROMO FY1314","1-9T3F6G","KBD1 TFI Fixed","BOTICAS ARCANGEL - PERU","2001826651","Unknown Account Group","1-9YSTCT","15-OCT-2013",-247420,"DPP HAIR CARE MDA MR PROMO FY1314","","CI3252","","","","","",""
"Adjustment","DPP BABY CARE MDA MR PROMO FY1314","1-9ND29A","KBD1 TFI Fixed","BOTICAS ARCANGEL - PERU","2001826651","Unknown Account Group","1-9RUY3R","22-AUG-2013",-9000,"DPP BABY CARE MDA MR PROMO FY1314","","CK1463","","","","","",""
"Adjustment","DPP HAIR CARE MDA MR PROMO FY1314","1-9T3F6G","KBD1 TFI Fixed","BOTICAS ARCANGEL - PERU","2001826651","Unknown Account Group","1-9YA9UY","10-OCT-2013",300640,"DPP HAIR CARE MDA MR PROMO FY1314","","CO1614","","","","","",""
"Adjustment","DPP BABY CARE MDA MR PROMO FY1314","1-9ND29A","KBD1 TFI Fixed","BOTICAS ARCANGEL - PERU","2001826651","Unknown Account Group","1-A5IWVV","20-DEC-2013",68065.44,"DPP BABY CARE MDA MR PROMO FY1314","","CO1614","","","","","",""
"Adjustment","DPP ORAL CARE MDA MR PROMO FY1314","1-9SFO0P","KBD1 TFI Fixed","BOTICAS ARCANGEL - PERU","2001826651","Unknown Account Group","1-A6EGBZ","08-JAN-2014",13170,"DPP ORAL CARE MDA MR PROMO FY1314","","CF2526","","","","","",""
"Adjustment","DPP ORAL CARE MDA MR PROMO FY1314","1-9SFO0P","KBD1 TFI Fixed","BOTICAS ARCANGEL - PERU","2001826651","Unknown Account Group","1-9WGYPB","02-OCT-2013",13170,"DPP ORAL CARE MDA MR PROMO FY1314","","CO1614","","","","","",""
"Adjustment","DPP HAIR CARE MDA MR PROMO FY1314","1-9T3F6G","KBD1 TFI Fixed","BOTICAS ARCANGEL - PERU","2001826651","Unknown Account Group","1-A2UL5H","20-NOV-2013",-120432.33,"DPP HAIR CARE MDA MR PROMO FY1314","","CO1614","","","","","",""
"Adjustment","DPP BABY CARE MDA MR PROMO FY1314","1-9ND29A","KBD1 TFI Fixed","BOTICAS ARCANGEL - PERU","2001826651","Unknown Account Group","1-A2UG99","20-NOV-2013",-92750.86,"DPP BABY CARE MDA MR PROMO FY1314","","CM4608","","","","","",""
"Adjustment","DPP GILLETTE TFI 1314","1-9TODDH","KBD1 TFI Fixed","BOTICAS ARCANGEL - PERU","2001826651","Unknown Account Group","1-A2UG8R","20-NOV-2013",-18240,"DPP GILLETTE TFI 1314","","CO1541","","","","","",""
"Adjustment","DPP BABY CARE MDA MR PROMO FY1314","1-9ND29A","KBD1 TFI Fixed","BOTICAS ARCANGEL - PERU","2001826651","Unknown Account Group","1-9ZK9L0","23-OCT-2013",72000,"DPP BABY CARE MDA MR PROMO FY1314","","CO1541","","","","","",""
"Adjustment","DPP APDOs MDA MR PROMO FY1314","1-9T8AYO","KBD1 TFI Fixed","BOTICAS ARCANGEL - PERU","2001826651","Unknown Account Group","1-9ZIZ5K","23-OCT-2013",2825,"DPP APDOs MDA MR PROMO FY1314","","CJ5434","","","","","",""
"Adjustment","Whls TP-KBD2a 1314","1-9CYPJW","KBD2","REPRESENTACIONES GENERALES","2001828066","Unknown Account Group","1-9T8B2N","05-SEP-2013",11.02,"Fund Adj MD Issue 2013-09-05","","CO1614","","","","","",""
"Adjustment","Whls TP-KBD1 RepFund-1314","1-9CYAFC","KBD1","REPRESENTACIONES GENERALES","2001828066","Unknown Account Group","1-9T8B2L","05-SEP-2013",5.51,"Fund Adj MD Issue 2013-09-05","","CO1614","","","","","",""
"Adjustment","Whls TP-KBD1 RepFund-1314","1-9CYAFE","KBD1","INVERSIONES EDGISA","2001828072","Unknown Account Group","1-A27M1J","12-NOV-2013",2753,"KBD1 Incorrect Sid >> 2002275745","","CJ5434","","","","","",""
"Adjustment","DPP HAIR CARE MDA MR PROMO FY1314","1-9T3F6H","KBD1 TFI Fixed","NORTFARMA SAC","2001828064","Unknown Account Group","1-A3LV9H","03-DEC-2013",29083,"DPP HAIR CARE MDA MR PROMO FY1314","","CO1614","","","","","",""
"Adjustment","DPP HAIR CARE MDA MR PROMO FY1314","1-9T3F6H","KBD1 TFI Fixed","NORTFARMA SAC","2001828064","Unknown Account Group","1-9YBO4Y","10-OCT-2013",29340,"DPP HAIR CARE MDA MR PROMO FY1314","","CO1614","","","","","",""
"Adjustment","DPP BABY CARE MDA MR PROMO FY1314","1-9RWBIA","KBD1 TFI Fixed","NORTFARMA SAC","2001828064","Unknown Account Group","1-A5IWW1","20-DEC-2013",46620.11,"DPP BABY CARE MDA MR PROMO FY1314","","CO1614","","","","","",""
"Adjustment","DPP ORAL CARE MDA MR PROMO FY1314","1-9SFO0Q","KBD1 TFI Fixed","NORTFARMA SAC","2001828064","Unknown Account Group","1-A6EGBT","08-JAN-2014",5300,"DPP ORAL CARE MDA MR PROMO FY1314","","CF2526","","","","","",""
"Adjustment","DPP ORAL CARE MDA MR PROMO FY1314","1-9SFO0Q","KBD1 TFI Fixed","NORTFARMA SAC","2001828064","Unknown Account Group","1-9WGYP5","02-OCT-2013",5300,"DPP ORAL CARE MDA MR PROMO FY1314","","CO1614","","","","","",""
"Adjustment","DPP BABY CARE TFI 1314","1-9SHTJ1","KBD1 TFI Fixed","NORTFARMA SAC","2001828064","Unknown Account Group","1-A2UG2T","20-NOV-2013",-30000,"DPP BABY CARE TFI 1314","","CM4608","","","","","",""
"Adjustment","DPP HAIR CARE MDA MR PROMO FY1314","1-9T3F6H","KBD1 TFI Fixed","NORTFARMA SAC","2001828064","Unknown Account Group","1-A6PDPI","15-JAN-2014",-108183,"DPP HAIR CARE MDA MR PROMO FY1314","","CO1541","","","","","",""
"Adjustment","DPP BABY CARE MDA MR PROMO FY1314","1-9RWBIA","KBD1 TFI Fixed","NORTFARMA SAC","2001828064","Unknown Account Group","1-A6OXUU","15-JAN-2014",-47447.26,"DPP BABY CARE MDA MR PROMO FY1314","","CO1541","","","","","",""
"Adjustment","DPP APDOs MDA MR PROMO FY1314","1-9T8AYP","KBD1 TFI Fixed","NORTFARMA SAC","2001828064","Unknown Account Group","1-9ZK9KO","23-OCT-2013",1917.5,"DPP APDOs MDA MR PROMO FY1314","","CJ5434","","","","","",""
"Adjustment","Whls TP-KBD2a 1314","1-9CYPKW","KBD2","COMERCIAL TRUJILLO - HUARAZ","2002275745","Unknown Account Group","1-A27M2P","12-NOV-2013",8274.9,"KBD2A Incorrect Sid >> KBD2B","","CJ5434","","","","","",""
"Adjustment","Whls TP-KBD2b -1314","1-9CZCEZ","KBD2","COMERCIAL TRUJILLO - HUARAZ","2002275745","Unknown Account Group","1-A27M2N","12-NOV-2013",-8274.9,"KBD2B Incorrect Sid >> KBD2B","","CJ5434","","","","","",""
"Adjustment","Whls TP-KBD1 RepFund-1314","1-9CYAGC","KBD1","COMERCIAL TRUJILLO - HUARAZ","2002275745","Unknown Account Group","1-A27M0N","12-NOV-2013",-2753,"KBD1 Incorrect Sid >> 2002275745","","CJ5434","","","","","",""
"Adjustment","Whls TP-KBD2b -1314","1-9CZCF6","KBD2","DISTRIBUIDORA MORENO E.I.R.L. - TRUJILLO","2002275761","Unknown Account Group","1-A27M1N","12-NOV-2013",1300,"KBD2B Incorrect Sid >> KBD1","","CJ5434","","","","","",""
"Adjustment","Whls TP-KBD1 RepFund-1314","1-9CYAGJ","KBD1","DISTRIBUIDORA MORENO E.I.R.L. - TRUJILLO","2002275761","Unknown Account Group","1-A27M1L","12-NOV-2013",-1300,"KBD1 Incorrect Sid >> KBD1","","CJ5434","","","","","",""
"Adjustment","APDOs CARE MDA MR PROMO FY1314","1-9GYF4P","KBD1 TFI Fixed","HIPERMERCADOS TOTTUS - PERU","2001826648","Unknown Account Group","1-9YTMR7","15-OCT-2013",19616,"APDOs CARE MDA MR PROMO FY1314","","CM4608","","","","","",""
"Adjustment","GILLETTE CARE MDA MR PROMO FY1314","1-9GYF0J","KBD1 TFI Fixed","HIPERMERCADOS TOTTUS - PERU","2001826648","Unknown Account Group","1-9YSTCZ","15-OCT-2013",26622,"GILLETTE CARE MDA MR PROMO FY1314","","CI3252","","","","","",""
"Adjustment","FABRIC CARE MDA MR PROMO FY1314","1-9GYEQQ","KBD1 TFI Fixed","HIPERMERCADOS TOTTUS - PERU","2001826648","Unknown Account Group","1-9SHK8L","29-AUG-2013",300000,"FABRIC CARE MDA MR PROMO FY1314","","CJ5434","","","","","",""
"Adjustment","HAIR CARE MDA MR PROMO FY1314","1-9GZBWH","KBD1 TFI Fixed","HIPERMERCADOS TOTTUS - PERU","2001826648","Unknown Account Group","1-9YBQ8Z","10-OCT-2013",359470,"HAIR CARE MDA MR PROMO FY1314","","CO1541","","","","","",""
"Adjustment","HAIR CARE MDA MR PROMO FY1314","1-9GZBWH","KBD1 TFI Fixed","HIPERMERCADOS TOTTUS - PERU","2001826648","Unknown Account Group","1-A33EL7","28-NOV-2013",885000,"HAIR CARE MDA MR PROMO FY1314","","CO1614","","","","","",""
"Adjustment","BATTERIES MDA MR PROMO FY 1314","1-9GYF6C","KBD1 TFI Fixed","HIPERMERCADOS TOTTUS - PERU","2001826648","Unknown Account Group","1-A6EEB5","07-JAN-2014",6500,"BATTERIES MDA MR PROMO FY 1314","","CM4608","","","","","",""
"Adjustment","HOME CARE MDA MR PROMO FY1314","1-9GYF2Y","KBD1 TFI Fixed","HIPERMERCADOS TOTTUS - PERU","2001826648","Unknown Account Group","1-A6EGCD","08-JAN-2014",80000,"HOME CARE MDA MR PROMO FY1314","","CF2526","","","","","",""
"Adjustment","ORAL CARE MDA MR PROMO FY1314","1-9GZBX5","KBD1 TFI Fixed","HIPERMERCADOS TOTTUS - PERU","2001826648","Unknown Account Group","1-A6EGC7","08-JAN-2014",47900,"ORAL CARE MDA MR PROMO FY1314","","CF2526","","","","","",""
"Adjustment","ORAL CARE MDA MR PROMO FY1314","1-9GZBX5","KBD1 TFI Fixed","HIPERMERCADOS TOTTUS - PERU","2001826648","Unknown Account Group","1-9WGYPR","02-OCT-2013",47900,"ORAL CARE MDA MR PROMO FY1314","","CO1541","","","","","",""
"Adjustment","FABRIC CARE MDA MR PROMO FY1314","1-9GYEQQ","KBD1 TFI Fixed","HIPERMERCADOS TOTTUS - PERU","2001826648","Unknown Account Group","1-9WGYON","02-OCT-2013",1339500,"FABRIC CARE MDA MR PROMO FY1314","","CI3252","","","","","",""
"Adjustment","BATTERIES MDA MR PROMO FY 1314","1-9GYF6C","KBD1 TFI Fixed","HIPERMERCADOS TOTTUS - PERU","2001826648","Unknown Account Group","1-9WHBQM","02-OCT-2013",6500,"BATTERIES MDA MR PROMO FY 1314","","CF2526","","","","","",""
"Adjustment","HOME CARE MDA MR PROMO FY1314","1-9GYF2Y","KBD1 TFI Fixed","HIPERMERCADOS TOTTUS - PERU","2001826648","Unknown Account Group","1-9WH93D","02-OCT-2013",53400,"HOME CARE MDA MR PROMO FY1314","","CJ5434","","","","","",""
"Adjustment","FEM CARE MDA MR PROMO FY1314","1-9H205I","KBD1 TFI Fixed","HIPERMERCADOS TOTTUS - PERU","2001826648","Unknown Account Group","1-9WR6BM","03-OCT-2013",10930,"FEM CARE MDA MR PROMO FY1314","","CJ5434","","","","","",""
"Adjustment","BABY CARE MDA MR PROMO FY1314","1-9GYF6V","KBD1 TFI Fixed","HIPERMERCADOS TOTTUS - PERU","2001826648","Unknown Account Group","1-9WKNQ5","03-OCT-2013",683200,"BABY CARE MDA MR PROMO FY1314","","CO1541","","","","","",""
"Adjustment","ISMs-KBD1 1314","1-9MNX5D","KBD1","MABY MARKET - SULLANA - PIURA","2002275780","Unknown Account Group","1-9TOTVA","13-SEP-2013",2235.94,"ISMs-KBD1 1314","","CO1541","","","","","",""
"Adjustment","ISMs-KBD2a 1314","1-9D814R","KBD2","MABY MARKET - SULLANA - PIURA","2002275780","Unknown Account Group","1-9TOTUO","13-SEP-2013",6548.15,"ISMs-KBD2a 1314","","CO1541","","","","","",""
"Adjustment","DPP HAIR CARE MDA MR PROMO FY1314","1-9T3F6I","KBD1 TFI Fixed","ECKERD PERU","2002079422","Unknown Account Group","1-A3LV9D","03-DEC-2013",164471,"DPP HAIR CARE MDA MR PROMO FY1314","","CO1614","","","","","",""
"Adjustment","DPP HAIR CARE MDA MR PROMO FY1314","1-9T3F6I","KBD1 TFI Fixed","ECKERD PERU","2002079422","Unknown Account Group","1-9YSTCV","15-OCT-2013",247420,"DPP HAIR CARE MDA MR PROMO FY1314","","CI3252","","","","","",""
"Adjustment","DPP BABY CARE MDA MR PROMO FY1314","1-9ND29B","KBD1 TFI Fixed","ECKERD PERU","2002079422","Unknown Account Group","1-9RUY3N","22-AUG-2013",-111000,"DPP BABY CARE MDA MR PROMO FY1314","","CK1463","","","","","",""
"Adjustment","DPP HAIR CARE MDA MR PROMO FY1314","1-9T3F6I","KBD1 TFI Fixed","ECKERD PERU","2002079422","Unknown Account Group","1-9YBO4U","10-OCT-2013",71870,"DPP HAIR CARE MDA MR PROMO FY1314","","CO1614","","","","","",""
"Adjustment","DPP BABY CARE MDA MR PROMO FY1314","1-9ND29B","KBD1 TFI Fixed","ECKERD PERU","2002079422","Unknown Account Group","1-A5IWVT","20-DEC-2013",401905.13,"DPP BABY CARE MDA MR PROMO FY1314","","CO1614","","","","","",""
"Adjustment","DPP ORAL CARE MDA MR PROMO FY1314","1-9SFO0R","KBD1 TFI Fixed","ECKERD PERU","2002079422","Unknown Account Group","1-A6EGBV","08-JAN-2014",10330,"DPP ORAL CARE MDA MR PROMO FY1314","","CF2526","","","","","",""
"Adjustment","DPP ORAL CARE MDA MR PROMO FY1314","1-9SFO0R","KBD1 TFI Fixed","ECKERD PERU","2002079422","Unknown Account Group","1-9WGYP7","02-OCT-2013",10330,"DPP ORAL CARE MDA MR PROMO FY1314","","CO1614","","","","","",""
"Adjustment","DPP HAIR CARE TFI 1314","1-9T3HP3","KBD1 TFI Fixed","ECKERD PERU","2002079422","Unknown Account Group","1-A2UL5F","20-NOV-2013",-130287.5,"DPP HAIR CARE TFI 1314","","CO1614","","","","","",""
"Adjustment","DPP ORAL CARE MDA MR PROMO FY1314","1-9SFO0R","KBD1 TFI Fixed","ECKERD PERU","2002079422","Unknown Account Group","1-A2UL4L","20-NOV-2013",-22022.98,"DPP ORAL CARE MDA MR PROMO FY1314","","CI3252","","","","","",""
"Adjustment","DPP ORAL CARE TFI 1314","1-9RWBP3","KBD1 TFI Fixed","ECKERD PERU","2002079422","Unknown Account Group","1-A2UL4J","20-NOV-2013",-15960,"DPP ORAL CARE TFI 1314","","CI3252","","","","","",""
"Adjustment","DPP GILLETTE TFI 1314","1-9TODDJ","KBD1 TFI Fixed","ECKERD PERU","2002079422","Unknown Account Group","1-A2UG8P","20-NOV-2013",-44076,"DPP GILLETTE TFI 1314","","CO1541","","","","","",""
"Adjustment","DPP BABY CARE MDA MR PROMO FY1314","1-9ND29B","KBD1 TFI Fixed","ECKERD PERU","2002079422","Unknown Account Group","1-9ZIZ7G","23-OCT-2013",236300,"DPP BABY CARE MDA MR PROMO FY1314","","CO1541","","","","","",""
"Adjustment","DPP APDOs MDA MR PROMO FY1314","1-9T8AYQ","KBD1 TFI Fixed","ECKERD PERU","2002079422","Unknown Account Group","1-9ZIZ5Q","23-OCT-2013",8592.5,"DPP APDOs MDA MR PROMO FY1314","","CJ5434","","","","","",""
"Adjustment","DPP BABY CARE MDA MR PROMO FY1314","1-9ND29B","KBD1 TFI Fixed","ECKERD PERU","2002079422","Unknown Account Group","1-9ZIVH5","23-OCT-2013",207000,"DPP BABY CARE MDA MR PROMO FY1314","","CM4608","","","","","",""
"Adjustment","DPP BABY CARE MDA MR PROMO FY1314","1-9ND29B","KBD1 TFI Fixed","ECKERD PERU","2002079422","Unknown Account Group","1-9UUS23","18-SEP-2013",320000,"DPP BABY CARE MDA MR PROMO FY1314","","CM4608","","","","","",""
"Adjustment","DPP HAIR CARE MDA MR PROMO FY1314","1-9T3FG1","KBD1 TFI Fixed","BOTICAS HOGAR & SALUD","2002495684","Unknown Account Group","1-A3LV99","03-DEC-2013",3009,"DPP HAIR CARE MDA MR PROMO FY1314","","CO1614","","","","","",""
"Adjustment","DPP HAIR CARE MDA MR PROMO FY1314","1-9T3FG1","KBD1 TFI Fixed","BOTICAS HOGAR & SALUD","2002495684","Unknown Account Group","1-9YA9V0","10-OCT-2013",3130,"DPP HAIR CARE MDA MR PROMO FY1314","","CO1614","","","","","",""
"Adjustment","DPP BABY CARE MDA MR PROMO FY1314","1-9P3MSY","KBD1 TFI Fixed","BOTICAS HOGAR & SALUD","2002495684","Unknown Account Group","1-A5IWVX","20-DEC-2013",7974.49,"DPP BABY CARE MDA MR PROMO FY1314","","CO1614","","","","","",""
"Adjustment","DPP ORAL CARE MDA MR PROMO FY1314","1-9SFO0U","KBD1 TFI Fixed","BOTICAS HOGAR & SALUD","2002495684","Unknown Account Group","1-A6EGC3","08-JAN-2014",1190,"DPP ORAL CARE MDA MR PROMO FY1314","","CF2526","","","","","",""
"Adjustment","DPP ORAL CARE MDA MR PROMO FY1314","1-9SFO0U","KBD1 TFI Fixed","BOTICAS HOGAR & SALUD","2002495684","Unknown Account Group","1-9WGYPF","02-OCT-2013",1190,"DPP ORAL CARE MDA MR PROMO FY1314","","CO1614","","","","","",""
"Adjustment","DPP BABY CARE MDA MR PROMO FY1314","1-9P3MSY","KBD1 TFI Fixed","BOTICAS HOGAR & SALUD","2002495684","Unknown Account Group","1-9ZK9L2","23-OCT-2013",9650,"DPP BABY CARE MDA MR PROMO FY1314","","CO1541","","","","","",""
"Adjustment","DPP APDOs MDA MR PROMO FY1314","1-9T8AYT","KBD1 TFI Fixed","BOTICAS HOGAR & SALUD","2002495684","Unknown Account Group","1-9ZIZ5M","23-OCT-2013",537,"DPP APDOs MDA MR PROMO FY1314","","CJ5434","","","","","",""
"Adjustment","Whls TP-KBD2a 1314","1-9OSVRH","KBD2","MACROTIENDAS KOKY","2002563527","Unknown Account Group","1-9T8B2J","05-SEP-2013",-11.02,"Fund Adj MD Issue 2013-09-05","","CO1614","","","","","",""
"Adjustment","Whls TP-KBD1 RepFund-1314","1-9OS61F","KBD1","MACROTIENDAS KOKY","2002563527","Unknown Account Group","1-9T8B2H","05-SEP-2013",-5.51,"Fund Adj MD Issue 2013-09-05","","CO1614","","","","","",""
"Adjustment","DPP HAIR CARE MDA MR PROMO FY1314","1-9T3FFZ","KBD1 TFI Fixed","BOTICAS Y SALUD","2002339632","Unknown Account Group","1-A3LV9B","03-DEC-2013",8023,"DPP HAIR CARE MDA MR PROMO FY1314","","CO1614","","","","","",""
"Adjustment","DPP HAIR CARE MDA MR PROMO FY1314","1-9T3FFZ","KBD1 TFI Fixed","BOTICAS Y SALUD","2002339632","Unknown Account Group","1-9YA9V2","10-OCT-2013",7510,"DPP HAIR CARE MDA MR PROMO FY1314","","CO1614","","","","","",""
"Adjustment","DPP BABY CARE MDA MR PROMO FY1314","1-9ND29C","KBD1 TFI Fixed","BOTICAS Y SALUD","2002339632","Unknown Account Group","1-9P3MTO","13-AUG-2013",-13000,"Reverso.... Amount transferred to the account BOTICAS HOGAR & SALUD 2002495684","","CB5441","","","","","",""
"Adjustment","DPP BABY CARE MDA MR PROMO FY1314","1-9ND29C","KBD1 TFI Fixed","BOTICAS Y SALUD","2002339632","Unknown Account Group","1-9P3MTK","13-AUG-2013",6500,"Amount transferred to the account BOTICAS HOGAR & SALUD 2002495684","","CB5441","","","","","",""
"Adjustment","DPP BABY CARE MDA MR PROMO FY1314","1-9ND29C","KBD1 TFI Fixed","BOTICAS Y SALUD","2002339632","Unknown Account Group","1-A5IWVZ","20-DEC-2013",22083.21,"DPP BABY CARE MDA MR PROMO FY1314","","CO1614","","","","","",""
"Adjustment","DPP ORAL CARE MDA MR PROMO FY1314","1-9SFO0S","KBD1 TFI Fixed","BOTICAS Y SALUD","2002339632","Unknown Account Group","1-A6EGBX","08-JAN-2014",2120,"DPP ORAL CARE MDA MR PROMO FY1314","","CF2526","","","","","",""
"Adjustment","DPP ORAL CARE MDA MR PROMO FY1314","1-9SFO0S","KBD1 TFI Fixed","BOTICAS Y SALUD","2002339632","Unknown Account Group","1-9WGYP9","02-OCT-2013",2120,"DPP ORAL CARE MDA MR PROMO FY1314","","CO1614","","","","","",""
"Adjustment","DPP BABY CARE MDA MR PROMO FY1314","1-9ND29C","KBD1 TFI Fixed","BOTICAS Y SALUD","2002339632","Unknown Account Group","1-9ZK9L4","23-OCT-2013",17100,"DPP BABY CARE MDA MR PROMO FY1314","","CO1541","","","","","",""
"Adjustment","DPP APDOs MDA MR PROMO FY1314","1-9T8AYR","KBD1 TFI Fixed","BOTICAS Y SALUD","2002339632","Unknown Account Group","1-9ZIZ5O","23-OCT-2013",1667.5,"DPP APDOs MDA MR PROMO FY1314","","CJ5434","","","","","",""
"Adjustment","DPP HAIR CARE MDA MR PROMO FY1314","1-9T3FG0","KBD1 TFI Fixed","MIFARMA","2002340069","Unknown Account Group","1-A3LV9F","03-DEC-2013",135388,"DPP HAIR CARE MDA MR PROMO FY1314","","CO1614","","","","","",""
"Adjustment","DPP BABY CARE MDA MR PROMO FY1314","1-9ND29D","KBD1 TFI Fixed","MIFARMA","2002340069","Unknown Account Group","1-9RUY3P","22-AUG-2013",200000,"DPP BABY CARE MDA MR PROMO FY1314","","CK1463","","","","","",""
"Adjustment","DPP HAIR CARE MDA MR PROMO FY1314","1-9T3FG0","KBD1 TFI Fixed","MIFARMA","2002340069","Unknown Account Group","1-9YBO4W","10-OCT-2013",90160,"DPP HAIR CARE MDA MR PROMO FY1314","","CO1614","","","","","",""
"Adjustment","DPP ORAL CARE MDA MR PROMO FY1314","1-9SFO0T","KBD1 TFI Fixed","MIFARMA","2002340069","Unknown Account Group","1-A6EGC1","08-JAN-2014",29030,"DPP ORAL CARE MDA MR PROMO FY1314","","CF2526","","","","","",""
"Adjustment","DPP ORAL CARE MDA MR PROMO FY1314","1-9SFO0T","KBD1 TFI Fixed","MIFARMA","2002340069","Unknown Account Group","1-9WGYPD","02-OCT-2013",29030,"DPP ORAL CARE MDA MR PROMO FY1314","","CO1614","","","","","",""
"Adjustment","DPP HAIR CARE MDA MR PROMO FY1314","1-9T3FG0","KBD1 TFI Fixed","MIFARMA","2002340069","Unknown Account Group","1-A2UL5L","20-NOV-2013",120432.33,"DPP HAIR CARE MDA MR PROMO FY1314","","CO1614","","","","","",""
"Adjustment","DPP HAIR CARE TFI 1314","1-9T3HP5","KBD1 TFI Fixed","MIFARMA","2002340069","Unknown Account Group","1-A2UL5J","20-NOV-2013",130287.5,"DPP HAIR CARE TFI 1314","","CO1614","","","","","",""
"Adjustment","DPP ORAL CARE MDA MR PROMO FY1314","1-9SFO0T","KBD1 TFI Fixed","MIFARMA","2002340069","Unknown Account Group","1-A2UL4P","20-NOV-2013",22022.98,"DPP ORAL CARE MDA MR PROMO FY1314","","CI3252","","","","","",""
"Adjustment","DPP ORAL CARE TFI 1314","1-9RWBP5","KBD1 TFI Fixed","MIFARMA","2002340069","Unknown Account Group","1-A2UL4N","20-NOV-2013",15960,"DPP ORAL CARE TFI 1314","","CI3252","","","","","",""
"Adjustment","DPP BABY CARE MDA MR PROMO FY1314","1-9ND29D","KBD1 TFI Fixed","MIFARMA","2002340069","Unknown Account Group","1-A2UG9F","20-NOV-2013",150000,"DPP BABY CARE MDA MR PROMO FY1314","","CM4608","","","","","",""
"Adjustment","DPP BABY CARE MDA MR PROMO FY1314","1-9ND29D","KBD1 TFI Fixed","MIFARMA","2002340069","Unknown Account Group","1-A2UG9D","20-NOV-2013",92750.86,"DPP BABY CARE MDA MR PROMO FY1314","","CM4608","","","","","",""
"Adjustment","DPP BABY CARE TFI 1314","1-9SHTJ4","KBD1 TFI Fixed","MIFARMA","2002340069","Unknown Account Group","1-A2UG9B","20-NOV-2013",30000,"DPP BABY CARE TFI 1314","","CM4608","","","","","",""
"Adjustment","DPP GILLETTE TFI 1314","1-9TODDL","KBD1 TFI Fixed","MIFARMA","2002340069","Unknown Account Group","1-A2UG8T","20-NOV-2013",62316,"DPP GILLETTE TFI 1314","","CO1541","","","","","",""
"Adjustment","DPP HAIR CARE MDA MR PROMO FY1314","1-9T3FG0","KBD1 TFI Fixed","MIFARMA","2002340069","Unknown Account Group","1-A6PDPK","15-JAN-2014",108183,"DPP HAIR CARE MDA MR PROMO FY1314","","CO1541","","","","","",""
"Adjustment","DPP BABY CARE MDA MR PROMO FY1314","1-9ND29D","KBD1 TFI Fixed","MIFARMA","2002340069","Unknown Account Group","1-A6OXUW","15-JAN-2014",47447.26,"DPP BABY CARE MDA MR PROMO FY1314","","CO1541","","","","","",""
"Adjustment","DPP BABY CARE MDA MR PROMO FY1314","1-9ND29D","KBD1 TFI Fixed","MIFARMA","2002340069","Unknown Account Group","1-9ZK9KY","23-OCT-2013",240000,"DPP BABY CARE MDA MR PROMO FY1314","","CO1541","","","","","",""
"Adjustment","DPP APDOs MDA MR PROMO FY1314","1-9T8AYS","KBD1 TFI Fixed","MIFARMA","2002340069","Unknown Account Group","1-9ZIZ5S","23-OCT-2013",7465,"DPP APDOs MDA MR PROMO FY1314","","CJ5434","","","","","",""
"Adjustment","ISMs-KBD2a 1314","1-9RTYCX","KBD2","DELGADILLO TIRADO ALBERTO JUNIOR","2002638787","Unknown Account Group","1-9RYM3I","23-AUG-2013",14082.64,"ISMs-KBD2a 1314","","CM4608","","","","","",""
"Adjustment","ISMs-KBD1 1314","1-9RTQHN","KBD1","DELGADILLO TIRADO ALBERTO JUNIOR","2002638787","Unknown Account Group","1-9RYM3G","23-AUG-2013",2750.44,"ISMs-KBD1 1314","","CM4608","","","","","",""
"Adjustment","SMC-KBD2b-HEALTH & WELL BEING-1314","1-9NBBDP","KBD2","LINIO PERU SAC","2002626566","Unknown Account Group","1-9TPO3Z","13-SEP-2013",5.99,"SMC-KBD2b-HEALTH & WELL BEING-1314 - 1-9NBBDP","","CO1614","","","","","",""
"Adjustment","SMC-KBD2b-BABY-1314","1-9NBBBO","KBD2","LINIO PERU SAC","2002626566","Unknown Account Group","1-9TPO3X","13-SEP-2013",49.58,"SMC-KBD2b-BABY-1314 - 1-9NBBBO","","CO1614","","","","","",""
"Adjustment","SMC-KBD2b-FABRIC & DISH C-1314","1-9NB163","KBD2","LINIO PERU SAC","2002626566","Unknown Account Group","1-9TPO3V","13-SEP-2013",3.13,"SMC-KBD2b-FABRIC & DISH C-1314 - 1-9NB163","","CO1614","","","","","",""
"Adjustment","SMC-KBD2b GROOMING-1314","1-9NB13W","KBD2","LINIO PERU SAC","2002626566","Unknown Account Group","1-9TPO3J","13-SEP-2013",12.47,"SMC-KBD2b GROOMING-1314 - 1-9NB13W","","CO1614","","","","","",""
"Adjustment","SMC-KBD2b-BEAUTY-1314","1-9NB11T","KBD2","LINIO PERU SAC","2002626566","Unknown Account Group","1-9TPO3H","13-SEP-2013",21.19,"SMC-KBD2b-BEAUTY-1314 - 1-9NB11T","","CO1614","","","","","",""
"Adjustment","SMC-KBD2c-HEALTH & WELL BEING-1314","1-9NB0ZR","KBD2","LINIO PERU SAC","2002626566","Unknown Account Group","1-9TPO3F","13-SEP-2013",11.97,"SMC-KBD2c-HEALTH & WELL BEING-1314 - 1-9NB0ZR","","CO1614","","","","","",""
"Adjustment","SMC-KBD2c-BABY-1314","1-9NB0X4","KBD2","LINIO PERU SAC","2002626566","Unknown Account Group","1-9TPO3D","13-SEP-2013",99.15,"SMC-KBD2c-BABY-1314 - 1-9NB0X4","","CO1614","","","","","",""
"Adjustment","SMC-KBD2c-FABRIC & DISH C-1314","1-9NB0T4","KBD2","LINIO PERU SAC","2002626566","Unknown Account Group","1-9TPO3B","13-SEP-2013",6.25,"SMC-KBD2c-FABRIC & DISH C-1314 - 1-9NB0T4","","CO1614","","","","","",""
"Adjustment","SMC-KBD2c GROOMING-1314","1-9NB0QY","KBD2","LINIO PERU SAC","2002626566","Unknown Account Group","1-9TPO39","13-SEP-2013",24.94,"SMC-KBD2c GROOMING-1314 - 1-9NB0QY","","CO1614","","","","","",""
"Adjustment","SMC-KBD2c-BEAUTY-1314","1-9NB0OW","KBD2","LINIO PERU SAC","2002626566","Unknown Account Group","1-9TPO37","13-SEP-2013",42.37,"SMC-KBD2c-BEAUTY-1314 - 1-9NB0OW","","CO1614","","","","","",""
"Adjustment","SMC-KBD2a-HEALTH & WELL BEING-1314","1-9NB0N6","KBD2","LINIO PERU SAC","2002626566","Unknown Account Group","1-9TPO35","13-SEP-2013",90.97,"SMC-KBD2a-HEALTH & WELL BEING-1314 - 1-9NB0N6","","CO1614","","","","","",""
"Adjustment","SMC-KBD2a-BABY-1314","1-9NB0KU","KBD2","LINIO PERU SAC","2002626566","Unknown Account Group","1-9TPO33","13-SEP-2013",356.94,"SMC-KBD2a-BABY-1314 - 1-9NB0KU","","CO1614","","","","","",""
"Adjustment","SMC-KBD2a-FABRIC & DISH C-1314","1-9NAWLX","KBD2","LINIO PERU SAC","2002626566","Unknown Account Group","1-9TPO31","13-SEP-2013",20,"SMC-KBD2a-FABRIC & DISH C-1314 - 1-9NAWLX","","CO1614","","","","","",""
"Adjustment","SMC-KBD2a GROOMING-1314","1-9NAWJR","KBD2","LINIO PERU SAC","2002626566","Unknown Account Group","1-9TPO2Z","13-SEP-2013",167.25,"SMC-KBD2a GROOMING-1314 - 1-9NAWJR","","CO1614","","","","","",""
"Adjustment","SMC-KBD2a-BEAUTY-1314","1-9NAWGP","KBD2","LINIO PERU SAC","2002626566","Unknown Account Group","1-9TPO2X","13-SEP-2013",173.72,"SMC-KBD2a-BEAUTY-1314 - 1-9NAWGP","","CO1614","","","","","",""
"Adjustment","SMC-KBD1-HEALTH & WELL BEING-1314","1-9NAWEP","KBD1","LINIO PERU SAC","2002626566","Unknown Account Group","1-9TPO2V","13-SEP-2013",16.76,"SMC-KBD1-HEALTH & WELL BEING-1314 - 1-9NAWEP","","CO1614","","","","","",""
"Adjustment","SMC-KBD1-BABY-1314","1-9NAWCF","KBD1","LINIO PERU SAC","2002626566","Unknown Account Group","1-9TPO2T","13-SEP-2013",138.81,"SMC-KBD1-BABY-1314 - 1-9NAWCF","","CO1614","","","","","",""
"Adjustment","SMC-KBD1-FABRIC & DISH C-1314","1-9NAW78","KBD1","LINIO PERU SAC","2002626566","Unknown Account Group","1-9TPO2R","13-SEP-2013",8.75,"SMC-KBD1-FABRIC & DISH C-1314 - 1-9NAW78","","CO1614","","","","","",""
"Adjustment","SMC-KBD1 GROOMING-1314","1-9NAT2H","KBD1","LINIO PERU SAC","2002626566","Unknown Account Group","1-9TPO2P","13-SEP-2013",34.92,"SMC-KBD1 GROOMING-1314 - 1-9NAT2H","","CO1614","","","","","",""
"Adjustment","SMC-KBD1-BEAUTY-1314","1-9NASYM","KBD1","LINIO PERU SAC","2002626566","Unknown Account Group","1-9TPO2N","13-SEP-2013",59.32,"SMC-KBD1-BEAUTY-1314 - 1-9NASYM","","CO1614","","","","","",""
"Adjustment","Whls TP-KBD2b -1314","1-9MNK98","KBD2","LAUREANO'S SAC","2002617492","Unknown Account Group","1-9T8B2P","05-SEP-2013",-1162.33,"Reverso Fund Adj MD Issue 2013-09-05","","CO1614","","","","","",""
"Adjustment","Whls TP-KBD2b -1314","1-9MNK98","KBD2","LAUREANO'S SAC","2002617492","Unknown Account Group","1-9T8B2F","05-SEP-2013",1162.33,"Fund Adj MD Issue 2013-09-05","","CO1614","","","","","",""
"Adjustment","Whls TP-KBD2b -1314","1-9MNK98","KBD2","LAUREANO'S SAC","2002617492","Unknown Account Group","1-9T8B2C","05-SEP-2013",1162.33,"Fund Adj MD Issue 2013-09-05","","CO1614","","","","","",""
"Adjustment","Whls TP-KBD2a 1314","1-9MR3TE","KBD2","LAUREANO'S SAC","2002617492","Unknown Account Group","1-9T8B2A","05-SEP-2013",774.88,"Fund Adj MD Issue 2013-09-05","","CO1614","","","","","",""
"Adjustment","Whls TP-KBD1 RepFund-1314","1-9MMSYY","KBD1","LAUREANO'S SAC","2002617492","Unknown Account Group","1-9T8B27","05-SEP-2013",387.46,"Fund Adj MD Issue 2013-09-05","","CO1614","","","","","",""
